node,degree,clustering,closeness_centrality,betweenness_centrality,eccentricity
b23bd84a-453c-487f-8b04-5ce317622c8d,9,0,0.0,0.0,12
Direito Brasileiro,1,0,0.0007107320540156361,0.0,13
Vide Lei,53,0,0.037668798862828715,0.0,13
8221c58e-f37b-42e6-90c7-6f5d7fa78e6b,2,0,0.0,0.0,12
bbfb0c1f-cebb-4070-a904-066d22f8cc41,2,0,0.0,0.0,12
f03bbaa2-30b8-43ba-9c6f-3564a47003d3,2,0,0.0,0.0,12
ee6c360b-c9ce-4da2-b171-ab75b0f1a8a7,2,0,0.0,0.0,12
947916bd-be53-4fd3-abd2-16de8599dcbc,5,0,0.0,0.0,12
3dfb6930-1048-4617-b8f5-51cd35ba9037,2,0,0.0,0.0,12
3db01a67-fc65-4ee3-9031-46876e5e2fe8,2,0,0.0,0.0,12
9d295f57-8d93-497e-81b6-252b4414f199,2,0,0.0,0.0,12
0d6c61ed-9dee-4c1d-8bca-fa8535b766d2,2,0,0.0,0.0,12
fce6dd8f-c6de-4ba3-a259-8b11326be3b6,2,0,0.0,0.0,12
41213f69-a0f3-4d1c-b96c-72cdec179652,3,0,0.0,0.0,12
2c7c9d0c-e889-432d-b1c7-64754696481c,2,0,0.0,0.0,12
12ef8058-d619-4129-8b09-addf1754539f,2,0,0.0,0.0,12
e2462439-f27d-4b2e-8868-3d0cb1f8880c,2,0,0.0,0.0,12
03d420c3-06d7-4847-9fb9-ce50fcea8ac4,2,0,0.0,0.0,12
bfb521b1-fd87-4d25-9e36-b0e2db71391d,2,0,0.0,0.0,12
487e9f62-beae-4b9e-ad9a-0a77cc0a0a9b,3,0,0.0,0.0,12
d75b7b23-bbe9-423b-8f5c-effd3a50333a,2,0,0.0,0.0,12
f14bbe93-7629-4835-bb5d-1c137a21a245,4,0,0.0,0.0,12
0c9d6ced-453f-4cd6-8a40-4f17fc0e9946,4,0,0.0,0.0,12
569483a2-5290-448e-be00-4cb7b19d82a9,2,0,0.0,0.0,12
bbf9cd98-141d-4ab5-b1da-e24b4ae7bd9b,2,0,0.0,0.0,12
11ff7ff8-0a95-4f0e-bf9e-3189644bc681,2,0,0.0,0.0,12
71bd16f5-fa3c-4544-8bfc-e7ee3149c5f7,2,0,0.0,0.0,12
353ea7ba-db9b-4a0f-b4e1-9fb2a308d629,3,0,0.0,0.0,12
ba2e6a3e-b7a8-4fa8-91eb-1c551549239d,2,0,0.0,0.0,12
d7886ffd-667d-4b8f-bff4-87a7bdeffa7e,2,0,0.0,0.0,12
9a916d6d-ad1a-4b23-9189-f3e63f0cc41b,2,0,0.0,0.0,12
188020d7-3fbf-4f67-96c3-2fc785f65d1c,2,0,0.0,0.0,12
714f8928-0f62-4a69-8be1-6a689c981371,2,0,0.0,0.0,12
65816105-ffef-4998-9235-c4d8c1d3d956,2,0,0.0,0.0,12
06f9501e-3d5f-448b-8bda-53c50bbbd2e6,2,0,0.0,0.0,12
f85baf69-f777-4c7a-8fcc-40b7f1520f65,3,0,0.0,0.0,12
d86b4da0-03f6-4bd9-88bf-8b268ee026a3,3,0,0.0,0.0,12
a003a1e8-4e62-40d1-a2e1-3175ffc3c3f1,3,0,0.0,0.0,12
849b5c1a-bbab-4844-93a3-6fadb2b0bd24,2,0,0.0,0.0,12
40f18289-73df-4cc8-a56a-d1a1e3bb241c,2,0,0.0,0.0,12
dc0df45c-189d-485b-bc61-b4d86f3d4209,2,0,0.0,0.0,12
0c767050-139c-46df-9f26-46348fa97638,2,0,0.0,0.0,12
117474c4-aec5-4260-98d4-be5c39404daf,2,0,0.0,0.0,12
c286ad67-e94d-4db2-be2b-89f3b10c9d25,2,0,0.0,0.0,12
de514c86-e430-4137-8f63-ce2090d1bdcb,2,0,0.0,0.0,12
257b7376-255a-43c9-ae56-c395afcdc9c8,2,0,0.0,0.0,12
3c750978-ab6b-46d7-bd27-a37d81bc1d83,2,0,0.0,0.0,12
e1396a67-87a6-4a73-96b6-467153af5a6d,2,0,0.0,0.0,12
24f35965-caa2-4580-a287-16208b408d9d,2,0,0.0,0.0,12
bd459f29-cbaf-4428-bc3f-2d82ccdd2920,5,0,0.0,0.0,12
b63cede4-84dd-472f-b8b0-bdea69bf9d52,1,0,0.0,0.0,14
f7978a3f-d36b-4871-abed-dd0efc416d45,1,0,0.0,0.0,14
e5e6ef2d-e574-4bb7-84c1-1fc92f990219,5,0,0.0,0.0,12
0ebc435d-4590-494e-8114-6dceec703002,2,0,0.0,0.0,12
17385054-6f40-4bc2-833e-3fc97f2083be,2,0,0.0,0.0,12
"Presidência da República
Casa Civil
Subchefia para Assuntos Jurídicos
LEI",1,0,0.0007107320540156361,0.0,13
Lei:,1,0,0.0007107320540156361,0.0,13
Capacidade,1,0,0.0007107320540156361,0.0,13
Vigência,111,0,0.07889125799573561,0.0,11
e2a4c603-f410-42fd-b8f0-a48d42e2cdf4,4,0,0.0,0.0,12
09ab50f3-3e52-48b9-87c1-c02c08e651c5,4,0,0.0,0.0,12
968a1105-0900-433f-aa31-57548d1f1e4e,11,0,0.0,0.0,10
d3dfdbff-3cba-4a24-baf7-53733c14921e,4,0,0.0,0.0,10
0537bbf7-a962-40dd-ac91-b07ab12fd265,3,0,0.0,0.0,12
36a0735b-0d8f-4ea2-b2e6-192d9a0cf1c8,4,0,0.0,0.0,12
94c105a7-a44c-4fba-8d64-da909df7e0f0,2,0,0.0,0.0,12
99a23aaa-a383-47b6-baa1-1ab3946c119e,2,0,0.0,0.0,12
aadc5f50-4d2e-4d4b-8907-dcab67ac5c61,4,0,0.0,0.0,12
6ee02e12-7e94-4cb9-934d-c4d85a24093a,3,0,0.0,0.0,12
a657dc23-c13f-422e-89c2-2d000915c086,3,0,0.0,0.0,12
13559e7b-a25d-4d10-952b-c8d792410cb2,2,0,0.0,0.0,12
305473c1-b94b-4a13-85fb-73a59cc17468,2,0,0.0,0.0,12
96913f48-67b8-4a2a-a615-563c7ffaf4de,2,0,0.0,0.0,12
a9830ebd-9f38-4a4a-95d2-cea485ac1486,2,0,0.0,0.0,12
fbb3a26b-af40-47db-ab00-bae120f14b68,2,0,0.0,0.0,12
6b11e752-9a1f-4f98-9376-40dbbdc825d6,6,0,0.0,0.0,12
79d3e850-9e01-4985-8066-923022f9f538,13,0,0.0,0.0,12
27bda946-68e7-4de9-b9ac-c3c27a03f2ef,8,0,0.0,0.0,10
c6f2e097-627e-49f3-8072-84b31bec5434,3,0,0.0,0.0,12
aab60d34-1af1-41e8-a203-ddc2be874db9,13,0,0.0,0.0,10
88a4ff95-4ca6-41d8-9418-a1873e01be5c,14,0,0.0,0.0,12
59fee7f0-02d4-441e-8bba-45414dc3a75d,6,0,0.0,0.0,10
2bfb55b7-b6eb-4c08-be83-2687648664f0,3,0,0.0,0.0,12
95ea3807-3397-4e09-82e1-d7eefe5c495f,4,0,0.0,0.0,12
7093cb2e-a3b6-46d4-9900-ed71c2fcdd5e,5,0,0.0,0.0,12
3e5ca068-fe30-499b-a43b-4096f474e61a,2,0,0.0,0.0,12
7cfe9aa7-b70b-4ff4-9852-fedef49d0c3e,3,0,0.0,0.0,12
6964cf82-438e-4359-aee8-91c2218831c6,5,0,0.0,0.0,12
b228a26d-6a6c-4892-a12b-4d97c0c3793e,4,0,0.0,0.0,12
cb64280f-f76b-420c-a97d-0f992e07c3b7,7,0,0.0,0.0,12
aeddd704-f637-40fc-92ba-ff7cbfa63aa4,6,0,0.0,0.0,12
f2937c7d-585f-4c36-8514-be0e868867cd,5,0,0.0,0.0,10
9d640bf1-e1d7-4c48-826e-372a7e6eb848,5,0,0.0,0.0,12
1d779a9e-1dcf-4230-8f3f-ea2f1df5feaf,5,0,0.0,0.0,12
3e99693a-51cd-4449-a1d8-302402cd41ee,5,0,0.0,0.0,12
49824423-1dc0-46ee-94c5-24c470318336,6,0,0.0,0.0,10
57be0d10-c03c-4411-b794-3c811276babc,8,0,0.0,0.0,10
79b709f8-1412-4c49-84c2-c5cb3f4a65d0,4,0,0.0,0.0,12
e96a75db-73ef-481f-a113-244fa9715763,4,0,0.0,0.0,12
15964571-d855-44bf-aa18-6906198abd64,3,0,0.0,0.0,12
890be6ce-6b3a-4917-8882-c75bbeaeea38,2,0,0.0,0.0,12
5810214a-4980-4003-a24e-621266eb35f6,2,0,0.0,0.0,12
896cce1f-a77e-4c64-8434-bcb2cd2a32b8,14,0,0.0,0.0,10
4df27d16-0195-455e-86e4-36b0bf4dd729,2,0,0.0,0.0,12
692cec1c-fd31-4f02-b3c7-cce427eecb9a,2,0,0.0,0.0,12
1c6fed51-0362-405b-82ad-6e9275121951,3,0,0.0,0.0,12
e45971fd-5b66-4583-bd41-10f38d543035,6,0,0.0,0.0,12
4ff553c1-5bf1-4227-823b-a8f83497d6f5,4,0,0.0,0.0,12
e49eba45-d615-40e9-a0f8-7e3a7bf8c135,5,0,0.0,0.0,10
f7e4d814-13c5-495d-b1ff-7002929e7c2a,5,0,0.0,0.0,12
b133c8f7-19e1-491b-8fd0-806220abb9a1,6,0,0.0,0.0,12
0bc01f10-5991-4655-9e7f-f4e460d0e197,6,0,0.0,0.0,12
4a0bb4dc-9455-4501-bbda-75596ff88dd6,2,0,0.0,0.0,12
b54955cd-a06c-490d-b62a-c82b3365391c,2,0,0.0,0.0,12
f1f8b610-09e8-4857-95b6-6d567358ade1,3,0,0.0,0.0,12
584d4d21-57c1-46a6-9aa3-7e2670f8f11f,5,0,0.0,0.0,10
51d5c987-4829-4e5b-9b3a-f8e494308f5f,2,0,0.0,0.0,12
76def4f5-3302-4b59-a9dc-609ec0e61eea,2,0,0.0,0.0,12
160fc073-c8c5-4e32-bf31-046891a6f710,4,0,0.0,0.0,12
85e883d3-d1ef-4d75-9859-ea3f830ca929,2,0,0.0,0.0,12
20760bef-77c9-43de-b54c-ccac3a294b0f,2,0,0.0,0.0,12
902e2e29-c0fa-4e62-a5e1-47c4d05cad73,9,0,0.0,0.0,12
68c6b882-7647-4f84-9c99-3ceca26d2fb2,4,0,0.0,0.0,12
fc44f96e-b521-4f8e-9491-fa93bc50917d,5,0,0.0,0.0,12
7dde450f-40dc-4b4e-8264-61b5fc7010ea,8,0,0.0,0.0,12
2e9a6a75-eaf3-46f2-bb07-6053874f4239,3,0,0.0,0.0,12
4524df6c-edbc-4bc7-b63f-2c8f95bee3e4,4,0,0.0,0.0,12
02b05809-4285-4907-ba24-cf939aa941f7,4,0,0.0,0.0,12
4c878db9-1813-42ff-88dc-6a5ea7f5241f,2,0,0.0,0.0,12
856611bd-0fdb-4d7e-8755-58933b29e273,2,0,0.0,0.0,12
233f17a6-543c-4e23-a4a6-9ff5bfac1385,3,0,0.0,0.0,12
3be4daef-ca4f-48fa-8027-fbd5fe5540cf,3,0,0.0,0.0,12
92052889-232b-45e8-ba0e-f24e2abeb750,3,0,0.0,0.0,12
ab326d3c-cd62-417b-ac73-0d7db8c7c4e6,2,0,0.0,0.0,12
277e5abc-75e0-4a43-839c-0fb0eff61a89,7,0,0.0,0.0,12
c983a39f-798e-4b87-a2db-b00b91d811a0,5,0,0.0,0.0,12
"ÍNDICE
Vigência
Lei de Introdução",1,0,0.0007107320540156361,0.0,13
Código Civil,5,0,0.0035536602700781805,0.0,11
ab1ca848-c0d9-4efa-97d0-277ffa8eed26,7,0,0.0,0.0,12
9fcc1a84-9428-4d00-bece-cfa79cb20ec1,2,0,0.0,0.0,12
0e1f393b-e4a9-4093-b44a-8394e56a6363,2,0,0.0,0.0,12
c8943440-6653-4ac2-9cf3-8c71f13e0b35,3,0,0.0,0.0,10
Congresso Nacional,1,0,0.0007107320540156361,0.0,13
335c05be-9c83-4d91-b9e2-aada6bdeba45,1,0,0.0,0.0,
São,2,0,0.0014214641080312722,0.0,
6f278a08-5470-4eea-be94-ccb26a09ddeb,1,0,0.0,0.0,
Revogado,5,0,0.0035536602700781805,0.0,13
Redação,79,0,0.05614783226723525,0.0,11
6fe2fb13-d9c6-4dff-b719-0b632a9a9216,8,0,0.0,0.0,10
7f25ad54-deeb-4d44-b173-2a0c5d0fa389,4,0,0.0,0.0,12
1aba21e0-888f-4616-a49a-6f1c6e01c787,4,0,0.0,0.0,12
b9926c9e-9418-43f4-aa00-a78c88b0469b,3,0,0.0,0.0,10
5b78e7ea-4526-472d-9e1c-b2c61fd0ec64,4,0,0.0,0.0,10
a26d4522-9634-4fc0-8bea-a81aa761c5e4,3,0,0.0,0.0,12
baeb30f4-e7df-4975-913f-5b8fcdb9278d,2,0,0.0,0.0,12
92c2c66b-a70b-4f53-8a7c-af6ede09ff2a,8,0,0.0,0.0,10
2226c77a-64e3-4780-85b0-9aa3b8209150,11,0,0.0,0.0,12
a9885c71-ed34-4abc-b523-0a8152d7ce3d,4,0,0.0,0.0,12
f73113d1-5ba0-430d-bcc3-c101ab907a8f,6,0,0.0,0.0,10
553459ad-cfca-447b-8dfc-f14ab12e4845,5,0,0.0,0.0,12
2cd5d89f-f380-4f7e-ad13-952a5030f7cf,2,0,0.0,0.0,12
de9d3702-ad73-4cc2-87c7-dacbc66b58f0,2,0,0.0,0.0,12
49c00ef4-2364-4a27-ad1a-aa026effd3b7,9,0,0.0,0.0,10
f338c6ac-c4a6-418c-9892-e70cdae00318,3,0,0.0,0.0,12
64da3aba-7fe9-4d97-983f-228c9210b850,5,0,0.0,0.0,12
4ddc77d1-e441-465e-809e-98f86d2c6f5f,2,0,0.0,0.0,12
daf24ad6-a056-4ae4-af47-1f116e9babb6,4,0,0.0,0.0,12
82639c1c-81c6-451d-bf3e-073eee192082,3,0,0.0,0.0,10
3d2c0e8b-d356-4441-a3ae-0d060f6505cb,2,0,0.0,0.0,12
be855024-c202-4888-a6a1-f153e738722a,12,0,0.0,0.0,10
8dc27a6e-cce8-4ee0-ae27-696abe42a11c,2,0,0.0,0.0,12
4243d750-0a6f-4e7a-b7d5-a95e336e7358,2,0,0.0,0.0,12
03e0cc2b-3e4e-4a49-919a-3875219ad280,11,0,0.0,0.0,10
bdba7fc8-9646-4522-ae53-32d40e4748de,2,0,0.0,0.0,12
69ada1b2-a063-4561-8bbe-c8e79bd57538,2,0,0.0,0.0,12
58df92e8-15f1-4a41-90b3-13fc8c5114c0,2,0,0.0,0.0,12
115d2ced-5fc9-44e9-9f48-375815679328,2,0,0.0,0.0,12
55bcc6bf-97d2-47a5-8123-0a8c8ec31b46,2,0,0.0,0.0,12
32108c94-dd7e-44d1-bc5e-6f190e70ab59,8,0,0.0,0.0,12
915c0fad-0491-424c-a540-eb36275fd12d,7,0,0.0,0.0,10
6e000732-3336-46c7-8e32-be4a7471438c,2,0,0.0,0.0,12
1c53b8e4-5a93-47de-8a3e-cf4f7b9a8c9b,2,0,0.0,0.0,12
6d3438d9-87a5-43ce-8a2b-5b191d0deb47,3,0,0.0,0.0,12
6e0fae8c-fb71-41b5-b0b0-a0787b364ce2,3,0,0.0,0.0,12
322c048c-0139-4d1d-883f-6a8f539897c0,2,0,0.0,0.0,12
8fdd4cd7-66bd-4329-9159-21516f13d5b7,2,0,0.0,0.0,12
344e4035-b8e6-4d7f-9458-e447374c7480,2,0,0.0,0.0,12
9d4d516f-1102-4dda-9521-31b8c7a41b79,2,0,0.0,0.0,12
b00233a8-42c4-4bda-bb17-2f445a892ea9,7,0,0.0,0.0,12
7b2aeb79-f4fe-4f16-ab1f-9ae43d59a70d,4,0,0.0,0.0,10
3eb19bab-d8ed-448a-8e45-53c39b99128a,9,0,0.0,0.0,12
d0f0e453-70d7-4654-97fa-3a52217a8661,8,0,0.0,0.0,12
21753472-e5c2-421e-8bfa-4f3255b60535,2,0,0.0,0.0,12
29bcc939-5cb4-4d64-9805-f6e7bf9a8779,10,0,0.0,0.0,10
b3cf2173-bd77-4b62-af92-00acb7262e1c,2,0,0.0,0.0,12
708ec59d-d001-4e12-9690-cb0c15d6251a,6,0,0.0,0.0,12
40505901-74bf-4210-8be7-f334cc7b04da,4,0,0.0,0.0,12
a8b33d54-994f-42dc-bf70-510bdce4aa97,4,0,0.0,0.0,10
024dc126-b411-4eb7-a0b5-c69339fc0372,4,0,0.0,0.0,10
Lei,69,0,0.04904051172707889,0.0,11
85eb99e4-cb28-4a03-8291-51b41155b6c4,2,0,0.0,0.0,10
f8507f25-4efd-4211-bc84-3a687fa83fd6,6,0,0.0,0.0,12
1270ed1c-ac91-4e7c-9943-4f6ad502ad8e,6,0,0.0,0.0,12
8604a271-444c-4061-8f08-b9686e191549,3,0,0.0,0.0,12
4124dea9-b832-4a43-aa3d-d281cc35aa97,5,0,0.0,0.0,12
263df4e3-7c1e-4a80-9052-95423c8c8635,4,0,0.0,0.0,12
76467f69-a8cd-4977-8032-6ce20c960c78,6,0,0.0,0.0,10
e98cc6fd-9ee8-4190-b330-2053a51a6c8b,4,0,0.0,0.0,12
505ee84d-37f4-46e8-80b6-ebb686f3a95b,4,0,0.0,0.0,10
cc421351-adea-44a9-b4ca-97717c8c1437,6,0,0.0,0.0,12
f3a80da9-cc2f-41d6-b23f-e4853ed38f87,1,0,0.0,0.0,12
2bc16522-6ba8-4ab8-9889-12a7bfe48405,5,0,0.0,0.0,10
75153146-0ff0-4da8-8ac9-2dab39009a0c,3,0,0.0,0.0,12
a53dbb0d-3595-478d-9ec6-209cabba4b84,1,0,0.0,0.0,12
880a575f-60a2-4524-9551-06e0328f57f2,6,0,0.0,0.0,12
80512aca-272b-4905-8612-a84733744e81,2,0,0.0,0.0,12
"Lei nº
13.146",3,0,0.0021321961620469083,0.0,11
b932ea6a-d9a6-47ad-9d85-28a7c9214d80,2,0,0.0,0.0,12
III,66,0,0.046908315565031986,0.0,11
0a2bb943-6079-474a-857e-992f1c2b7ebb,1,0,0.0,0.0,12
a1dd2d26-b677-410c-8a71-5f08af229fbb,1,0,0.0,0.0,12
eae7e7a8-5d9f-42d4-9a95-effbc170790d,4,0,0.0,0.0,12
e011c003-8f6f-415c-9887-d3a0b31d3dad,2,0,0.0,0.0,12
6af73898-2150-4e02-a0da-e914b343c141,1,0,0.0,0.0,12
03346a3d-4949-49f6-8548-6c22786bc3da,1,0,0.0,0.0,12
66e7e6ee-b4b8-471b-9750-32abfa1c89a7,3,0,0.0,0.0,12
14a06f14-2ea9-4e2d-8cc6-499e5f3226a8,2,0,0.0,0.0,12
9e3d04a6-6287-46ad-ba52-6aa2947d24c9,1,0,0.0,0.0,12
6aad87f0-cd97-4ba5-a564-6617b2acbf7e,1,0,0.0,0.0,12
40dd808d-17c7-4219-8114-283b60556a1c,1,0,0.0,0.0,12
e4f653ca-6c50-4677-b449-25f584b492a8,1,0,0.0,0.0,12
cd6ccdb5-2571-48c5-a33c-a85bf70f93d4,1,0,0.0,0.0,12
f1098c0f-ccef-42cd-93f1-34d7886a366a,5,0,0.0,0.0,12
84b2f23c-24c7-459d-ae0d-cbc65062a890,2,0,0.0,0.0,10
325f92a2-ec55-4370-a647-635aa0a66d7a,2,0,0.0,0.0,12
52b562c6-d65c-4092-8633-1fe30f7dc381,2,0,0.0,0.0,12
306529a9-a803-4be0-9a62-29fbb7e9d76e,2,0,0.0,0.0,12
c987419d-a3dc-4fc0-a6e9-7ca80741572d,1,0,0.0,0.0,12
c7222edc-a6fb-43a0-bcfe-272c37f0ed8e,1,0,0.0,0.0,12
defb5474-a440-488b-8548-f5d2279bde5d,1,0,0.0,0.0,12
2edd48bd-fb56-416e-9f9f-01b1cb6a6543,1,0,0.0,0.0,12
7c94ac06-9451-4fc2-bd1f-82c12fdb7ebc,1,0,0.0,0.0,12
b97e73a8-9d3f-4691-b774-41e770ce92ae,1,0,0.0,0.0,12
04c310b4-3278-42de-9453-e73c5a4078c5,1,0,0.0,0.0,12
593aa69a-51c4-42ad-8662-0ef5acc1596a,2,0,0.0,0.0,12
cecb593d-d832-4539-9266-fe835a334556,1,0,0.0,0.0,12
fed4f8a6-5f3a-4896-89d6-b49dd3986766,1,0,0.0,0.0,12
4a61b413-5cf8-4001-854b-7c34cbefca29,2,0,0.0,0.0,12
d02e701d-cd90-4f05-bd5b-a2c3946b22ee,1,0,0.0,0.0,12
239c3547-27c6-4b08-b473-fc7119b26b46,1,0,0.0,0.0,12
e5d47453-dd46-4401-a9db-4ac17905a98a,1,0,0.0,0.0,12
7c9a61af-c0fc-4faa-89d9-6e11797e8320,1,0,0.0,0.0,12
31ba5835-69de-4cee-ba3d-d3a7e90d58f2,1,0,0.0,0.0,12
026e49d7-1de0-4fc2-97a6-d50c8c2da12b,2,0,0.0,0.0,10
c9e55394-1568-4ed0-87f6-556a0fcf7fbf,1,0,0.0,0.0,12
39ac5e6d-c306-4576-a231-5273eb250609,1,0,0.0,0.0,12
ebd586e3-7d9f-4e51-afcc-5d8e36c29816,1,0,0.0,0.0,12
4647b718-ce73-4d81-82d6-56647e6979c1,2,0,0.0,0.0,12
d17a7015-2756-4877-ada0-13b6ea0ad632,1,0,0.0,0.0,12
65fcb476-d15a-4f29-a820-4d29ceb240a9,1,0,0.0,0.0,12
fe20ec75-bc59-4e0a-b796-195f11b4c53e,1,0,0.0,0.0,12
55e39cd2-0936-4d6d-bdd7-4845891ac810,1,0,0.0,0.0,12
ba16abe5-ed63-4d6c-a4b2-f8f9da801bc2,2,0,0.0,0.0,12
8b57d961-6bb0-4259-b0f0-831825997f10,1,0,0.0,0.0,12
f1e7a33b-aa86-4952-b262-43c746e13e82,1,0,0.0,0.0,12
92911aa9-0837-489b-9b63-910febd178f7,4,0,0.0,0.0,12
bb338845-26e9-4870-b9ba-5861a574bdd4,2,0,0.0,0.0,12
906ad89f-16b5-46ad-8c0f-47b1190e5b7c,1,0,0.0,0.0,12
e57508a0-b239-4688-8f49-c1dd497f728e,1,0,0.0,0.0,12
78769fad-902c-41a1-89ee-f12f2ee72ae1,2,0,0.0,0.0,12
c6dd9950-e16e-40ab-bd81-53d87643ccd9,1,0,0.0,0.0,12
ae6d31c6-c9b9-4b36-a62c-baa8a4f2bfb1,1,0,0.0,0.0,12
Cessará,1,0,0.0007107320540156361,0.0,13
06d3d101-94ab-4b1d-87c6-8451448fb087,2,0,0.0,0.0,12
Revogado pela Lei nº 12.010,11,0,0.007818052594171997,0.0,11
693d7b38-6e03-4b05-9638-24155db69dd2,3,0,0.0,0.0,12
"CAPÍTULO II
Dos Direitos da Personalidade",1,0,0.0007107320540156361,0.0,13
c4e20879-53b6-4ff3-b5a3-a889ec855fb3,1,0,0.0,0.0,12
Salvo,10,0,0.007107320540156361,0.0,11
b03b4de7-55ad-4bb4-9992-a5e33427d7f0,2,0,0.0,0.0,12
08c14cc7-2a28-4096-85c2-c35b5e3b4893,2,0,0.0,0.0,10
53567870-fd57-4845-a398-01b2b00921ee,2,0,0.0,0.0,10
23c76ac2-e403-4d12-a452-daf28a4e825e,1,0,0.0,0.0,12
3e3500e4-e699-4488-8712-d9ef93893bd4,1,0,0.0,0.0,12
bc95fe2f-dd6d-42b6-88ea-14ef2f9bcff6,2,0,0.0,0.0,12
5ed5ffcb-c9e2-4b16-bdd3-0d6cd25cc747,2,0,0.0,0.0,12
87a356d2-b6d7-444b-879e-89a2b4e5b4e9,1,0,0.0,0.0,12
Vide,3,0,0.0021321961620469083,0.0,13
49b1121b-af2c-452f-8e29-9d22a2ddcafa,2,0,0.0,0.0,14
1ea9c048-0c0a-4078-9b2c-096a1d6220f2,2,0,0.0,0.0,14
"III
Da Ausência
Seção I",1,0,0.0007107320540156361,0.0,15
2258a464-c9bd-4aac-a21c-1c0c5457cb95,1,0,0.0,0.0,14
Ministério Público,29,0,0.02061122956645345,0.0,13
34b5d015-bc6a-44e5-8061-7b4a801ee33d,1,0,0.0,0.0,14
01ce4ea8-2eeb-4212-b000-3a43aeb8080d,1,0,0.0,0.0,14
4d53228b-ab1a-4484-85ea-d2379dc79d59,1,0,0.0,0.0,14
8306e7aa-6b74-4841-9a03-dcb6fe81a304,1,0,0.0,0.0,14
f316b109-ec72-4263-975c-2ca192663432,1,0,0.0,0.0,14
d1290830-e9d6-48fe-be0f-3dfc28a350fe,2,0,0.0,0.0,14
41474cac-f154-41f5-9553-9abe2a91faea,1,0,0.0,0.0,14
44dd302d-36eb-413e-a892-a3d5f59525aa,1,0,0.0,0.0,14
4d8f7ab1-c3d7-40c0-917f-55cc8f61eaab,1,0,0.0,0.0,14
45410a57-7a84-4e66-9d27-6dcbd3641361,1,0,0.0,0.0,14
1ff75036-696d-47d8-88b6-65b440626788,2,0,0.0,0.0,14
115ab72e-f6f8-47a1-9a15-e397102a1a39,1,0,0.0,0.0,14
6998122f-bcc2-4bca-bd73-2ac5d6b5cf19,1,0,0.0,0.0,14
cb0736a0-fed4-46e2-ac8c-36c329d16c93,1,0,0.0,0.0,14
10eceb10-6cf0-443d-9db9-9c477feeb7ad,1,0,0.0,0.0,14
9d9df179-b834-4306-8ab3-38d0aecc4db6,1,0,0.0,0.0,14
a92a1729-73b5-4a81-9d4e-21416f077d10,1,0,0.0,0.0,14
aee8510e-be9f-49b2-aab2-2c5180fdb068,1,0,0.0,0.0,12
Seção II,22,0,0.015636105188343994,0.0,11
03b6c701-9543-4b68-a0fd-e53cd7f1c541,4,0,0.0,0.0,12
6cfdf976-2e1a-4994-81d7-1eca94eb296c,2,0,0.0,0.0,10
11ecc88c-8cf0-440a-a2b0-73fb91cb1c67,1,0,0.0,0.0,12
2836da2d-102d-4781-976b-c15b37dbd978,2,0,0.0,0.0,12
77d9a213-f2ae-47be-a6bf-151a9fdfbf6d,1,0,0.0,0.0,12
f3e61c37-3978-410a-aee2-32407fa0bf48,1,0,0.0,0.0,12
ac2ae3aa-08d3-4ea1-81e7-7df33ca17ea6,4,0,0.0,0.0,12
64fdb05c-6139-4ad9-8c18-506da03947b6,1,0,0.0,0.0,12
e0af6b2a-bd2d-434f-9c8d-1a3ca4065baf,1,0,0.0,0.0,12
ce95c5e1-21e5-4089-a09f-f579e527a7e7,1,0,0.0,0.0,12
de323a34-0c09-43f2-95cd-1dc2d17dd077,1,0,0.0,0.0,12
c6c907db-2c7e-435e-9235-d340486ff992,2,0,0.0,0.0,12
0c80dab4-c73e-448b-812a-9ff1a6d1f5cf,1,0,0.0,0.0,12
13bdc581-206d-4e5a-bd37-819545e56201,2,0,0.0,0.0,12
75c39c50-9bc3-473b-a0e6-7aa7225001cc,1,0,0.0,0.0,12
450a2081-4b4e-4fd9-84bd-0714ec1c6505,1,0,0.0,0.0,12
b5a8ce69-a43a-4358-9fc4-68be8dc86804,1,0,0.0,0.0,12
d9cefe42-b148-42f2-9681-2dc0b2b434b5,3,0,0.0,0.0,12
8f4a2f70-ffbc-478f-90c8-39ec2cba8280,1,0,0.0,0.0,12
145fc05c-89be-4a0b-9851-d9149a9b07e8,1,0,0.0,0.0,12
União,16,0,0.011371712864250177,0.0,11
74e4b01a-c85c-459e-a3f6-b1795667cdf8,5,0,0.0,0.0,12
6cd49f36-1f29-4bbf-a636-27bc1be612a4,7,0,0.0,0.0,12
00712846-de59-4d43-92a8-4657b3ce0217,6,0,0.0,0.0,12
5a7441a0-8266-4c64-8486-c3263b7dd92d,5,0,0.0,0.0,12
fc466281-ea97-4a81-94de-b29fae3624c4,1,0,0.0,0.0,12
4afe73fc-4975-4fd4-869c-916ac47c1dd3,3,0,0.0,0.0,12
9c9d1eeb-61bc-4bea-83ee-d85f22e4be41,3,0,0.0,0.0,12
1ad0a5a4-4797-4730-8c1f-7c44cbe764ab,4,0,0.0,0.0,12
18eb6f96-72b2-4e98-bae6-52d6d12013fe,3,0,0.0,0.0,12
1335a2f5-7b9b-4099-9087-e0a7a4397a68,2,0,0.0,0.0,12
16de45d2-dc2c-444f-962f-c8cf6b565171,3,0,0.0,0.0,12
9f744b45-4331-4bfc-8d1a-b60dbc5fdf1d,4,0,0.0,0.0,12
a6ab8037-1dc0-4bbe-9888-dfc45a2503a0,1,0,0.0,0.0,12
Seção III,16,0,0.011371712864250177,0.0,11
71bee8ad-57e6-475f-8676-956eea4fc699,1,0,0.0,0.0,12
2d846cb3-ccd5-4537-8c75-b5519eea1076,1,0,0.0,0.0,12
9d264628-b38f-4884-8193-5939bf984a9f,2,0,0.0,0.0,12
d26e0eef-88c5-4145-bf04-90d2d1c6c445,1,0,0.0,0.0,12
bfe369c6-0326-4787-9a4a-9772ec67d13d,1,0,0.0,0.0,12
e1787fa2-bfc1-402b-ac7e-dabfd5e68627,1,0,0.0,0.0,12
9aebd721-03e5-4b05-8513-76a7ecb0b595,3,0,0.0,0.0,12
07034440-6804-459b-9de4-e6a916a42835,2,0,0.0,0.0,12
e5d4a312-2822-41d7-b2bc-57c600ad9c04,1,0,0.0,0.0,12
b828449f-02fb-4679-948b-51f268b13b56,1,0,0.0,0.0,12
7ae14b1a-8725-46ec-8542-3c5e45ab2f46,1,0,0.0,0.0,12
2bc2aebc-61d0-4220-9754-d5723fc61286,2,0,0.0,0.0,10
Distrito Federal,11,0,0.007818052594171997,0.0,11
273f074a-58d8-4d50-b947-8c189bab5fa2,2,0,0.0,0.0,12
TÍTULO II,4,0,0.0028429282160625444,0.0,13
e7294158-d6fd-4e13-907b-b60320f0f9a3,2,0,0.0,0.0,14
bd415453-899e-4a00-82b7-aacf9b7cea44,2,0,0.0,0.0,14
PESSOAS JURÍDICAS,1,0,0.0007107320540156361,0.0,13
Município,10,0,0.007107320540156361,0.0,11
48922020-a1ee-4595-9b60-8a9e44684224,2,0,0.0,0.0,12
c2c7e729-483c-4807-bc3e-72204d95abc0,1,0,0.0,0.0,12
Código,57,0,0.04051172707889126,0.0,9
ae329665-70c1-46d6-9ffc-e3599f7319a2,4,0,0.0,0.0,10
63b95201-bfe5-417a-ba66-cd215876454b,1,0,0.0,0.0,10
3b37d9d2-65b0-456b-bc66-4fe196ca73d5,2,0,0.0,0.0,10
6897f755-6868-4593-afa7-acd269295b4a,2,0,0.0,0.0,10
249e28ef-a078-46e4-bd9f-ea4750dc5275,1,0,0.0,0.0,10
25dccd1b-447f-41cd-bad5-43a6d4f134f1,1,0,0.0,0.0,10
1fc64f31-a5d1-4486-a7a0-cf8ca84807bc,1,0,0.0,0.0,10
de72f53c-dd8c-4d91-ac1b-87cd0862d3e5,2,0,0.0,0.0,10
73972b79-91dc-4ff3-8e28-59ee3ed55217,3,0,0.0,0.0,10
22523940-ce2d-4c1e-bf0e-91ae1832e8d1,3,0,0.0,0.0,9
f69ccaa2-0712-4a28-ae0d-8e4b7244c640,4,0,0.0,0.0,10
b34fe3cf-89f2-483c-911e-4e972727afc8,1,0,0.0,0.0,10
aa06972a-b9fe-4d29-b2a7-1de773321af4,2,0,0.0,0.0,10
c5ec96cd-7b06-4ddb-ab92-f82130222049,3,0,0.0,0.0,10
fb385901-58ab-408c-a066-2f10342f1ab5,4,0,0.0,0.0,10
5f6a356a-5733-4179-bd34-d8a6ff6c0e1f,2,0,0.0,0.0,10
b53462bc-1db3-433e-bbcf-a0c1192f6d46,1,0,0.0,0.0,10
57ddfdde-4562-4606-84a2-58db05dac64e,2,0,0.0,0.0,10
d19364aa-42b7-4d98-9443-f765ab9de539,3,0,0.0,0.0,10
a29f99b3-c15c-41d9-a29f-d3c850b0c580,1,0,0.0,0.0,10
92bb24fa-0f4f-4639-902a-07a2314a1132,1,0,0.0,0.0,10
0c0db72f-2385-48c0-b3e3-2cbbab455820,1,0,0.0,0.0,10
60846862-d442-441b-bc51-b8c0acf4b89c,2,0,0.0,0.0,10
feffc1ba-12d3-4335-97f1-347edac58e2e,1,0,0.0,0.0,10
5c9fe7f0-120f-4f9f-af62-20c9b48a375c,1,0,0.0,0.0,10
65783420-30ca-412e-a53a-3c3b45995d2f,1,0,0.0,0.0,10
def4ee00-ef0d-4e53-8344-5a569c0a0faa,1,0,0.0,0.0,10
982174cb-9105-40a3-9c35-764fe2189aac,1,0,0.0,0.0,10
66a6082a-1d75-4c73-a53d-dd533844a20f,1,0,0.0,0.0,10
c59e8afe-d093-4194-a818-322588d8effb,2,0,0.0,0.0,10
4895d139-652a-45f7-94d2-b662c65bdd42,2,0,0.0,0.0,10
fff03e33-24d6-4860-80a3-ead8269164bc,1,0,0.0,0.0,10
c08a4b77-da2e-42d5-ad18-53d321831e31,1,0,0.0,0.0,10
80aafb39-ff85-437e-92a1-f10329a90070,2,0,0.0,0.0,10
Estados,7,0,0.004975124378109453,0.0,11
0e1faa51-3d47-4161-94ce-7b9645977cc1,1,0,0.0,0.0,12
Lei nº 11.107,1,0,0.0007107320540156361,0.0,11
Territórios,3,0,0.0021321961620469083,0.0,11
Municípios,5,0,0.0035536602700781805,0.0,11
Lei nº 12.441,3,0,0.0021321961620469083,0.0,11
Revogado Pela Medida Provisória,4,0,0.0028429282160625444,0.0,11
a8db10bd-b52c-426b-bda7-bacc9c7aa065,2,0,0.0,0.0,12
Livro II da Parte Especial deste Código,1,0,0.0007107320540156361,0.0,11
Lei nº 10.825,1,0,0.0007107320540156361,0.0,11
Revogado pela Lei,21,0,0.014925373134328358,0.0,11
8cacaa45-8668-487e-b7a1-a5ac9f5b5e7d,3,0,0.0,0.0,12
3490a02a-9911-4097-9d87-7f9484dbdbfc,1,0,0.0,0.0,12
Incluído pela Lei nº 10.825,2,0,0.0014214641080312722,0.0,11
Lei nº 15.068,1,0,0.0007107320540156361,0.0,11
VII,26,0,0.01847903340440654,0.0,9
6921f011-07b3-4527-890c-989cca0f61d4,1,0,0.0,0.0,10
6b09a2fd-d85b-476d-942e-60a6f27be6ea,1,0,0.0,0.0,10
e541847e-526a-49f2-bfb5-cb29659d4900,2,0,0.0,0.0,10
18f179a7-a8d9-4781-b580-b0315af6ac87,3,0,0.0,0.0,10
90e69810-631c-4b73-866b-5a7ec3fb5d31,1,0,0.0,0.0,10
5729b0fe-447d-427b-8c41-63e87571a8ba,1,0,0.0,0.0,10
e24ddcbf-5cc3-4b30-99e6-6e0bde9b161b,1,0,0.0,0.0,10
d23388cb-cd7b-4c6c-975d-9fe5b71b7caf,2,0,0.0,0.0,10
2eed590f-7fff-4022-893c-5119520197e1,4,0,0.0,0.0,9
a5656212-2d6c-4fff-bd3a-2d008d1e6fd6,1,0,0.0,0.0,10
0e5b0bd6-0960-489c-8030-ea871bb66374,1,0,0.0,0.0,10
cf4200ad-7e9a-4b59-8111-3e0ab9cb8547,1,0,0.0,0.0,10
4202b310-ce43-4c7f-ab1f-460d629c8181,1,0,0.0,0.0,10
a90b5cd7-01c6-41d1-8c11-2e7ba240ffec,1,0,0.0,0.0,10
a865d667-fced-40a1-ad17-c4ac65fa9b9b,1,0,0.0,0.0,14
Poder Executivo,11,0,0.007818052594171997,0.0,13
10f6b11a-cdd4-4844-80a4-876aa7138064,1,0,0.0,0.0,14
60ce1104-9a5a-4591-93d9-d68fa1c136bd,1,0,0.0,0.0,14
bd50f0a0-2985-4e7c-a5cd-9b58d926961f,1,0,0.0,0.0,14
db51e70d-98a5-44be-9f8d-ba0ba1878983,2,0,0.0,0.0,14
09dbb2b1-4b92-47e5-a22f-3e346d656faf,3,0,0.0,0.0,14
05e791cc-b568-471f-a9d6-207dcefcb29b,2,0,0.0,0.0,14
7f196b15-dfcf-45f9-a6b6-081a567b384e,4,0,0.0,0.0,14
5ec9b949-d3c5-4539-a120-c09589730a8b,1,0,0.0,0.0,12
Medida Provisória,21,0,0.014925373134328358,0.0,11
d9ce3f99-e1a2-44b9-973a-babe21c37bf8,5,0,0.0,0.0,12
24f0bf37-b719-4922-a855-d13ca51fe49c,2,0,0.0,0.0,12
71aeaf45-c834-4150-8677-c9a54e88fa38,2,0,0.0,0.0,12
55011647-5bff-4b45-8986-bcfcf4166bca,3,0,0.0,0.0,12
013001aa-c4cb-4bbe-9d32-80a59e1a89d4,1,0,0.0,0.0,12
Lei nº 13.874,12,0,0.008528784648187633,0.0,11
9c55805f-f7b7-478d-be01-01bb8cd43134,3,0,0.0,0.0,12
26e2248a-f9a1-46a3-b1b6-86efbb726de0,2,0,0.0,0.0,12
9d5b5237-df93-457e-a01a-63dcea4c3f5c,4,0,0.0,0.0,12
Incluído pela Medida Provisória,7,0,0.004975124378109453,0.0,13
10b3c4e2-98b7-453c-87ba-20f518c10d29,3,0,0.0,0.0,14
d55ef1e2-10f1-4edb-adbb-fce1e15683fd,2,0,0.0,0.0,14
Incluído pela Lei nº 13.874,6,0,0.0042643923240938165,0.0,11
23b555dd-0030-4942-a3de-445e3908abd1,2,0,0.0,0.0,
As disposições,1,0,0.0007107320540156361,0.0,
Encerrada,1,0,0.0007107320540156361,0.0,
e02b3bb6-1fb3-4def-8af3-0ff4a0a9227d,1,0,0.0,0.0,
"CAPÍTULO II
Das Associações",1,0,0.0007107320540156361,0.0,
34716b48-1949-4f92-ad60-18cd87c3056d,1,0,0.0,0.0,10
Parágrafo,17,0,0.012082444918265814,0.0,9
48f8a15f-813e-4e6b-b6d9-08b50547eebc,1,0,0.0,0.0,10
674ef9ec-8755-4ff9-bca3-7d98c08e7c92,1,0,0.0,0.0,10
d7b2f660-bb0f-4b84-b77d-06a9184d0694,3,0,0.0,0.0,10
a40b7945-5851-4756-b427-fc289259c71e,1,0,0.0,0.0,10
80a77451-5ce5-47c6-a714-47419b0ac1b3,1,0,0.0,0.0,10
12e7c1d0-432c-4844-ae77-c7863cc75fa3,1,0,0.0,0.0,10
61e98da7-8cb2-4077-96a1-8b62077f5501,1,0,0.0,0.0,10
6c261ccb-2304-45bc-9ddb-3b20a2dedb1a,1,0,0.0,0.0,10
3fcdc437-4cac-4c90-88e6-0b9381fae370,2,0,0.0,0.0,10
f652f4a4-5ab0-4207-bd50-4dee9e1ff499,2,0,0.0,0.0,10
be624137-1410-42d8-89dd-901060c8454e,1,0,0.0,0.0,10
e009fee0-46ba-4b4c-92a3-10292c5cb058,1,0,0.0,0.0,10
bb84ecd6-2b43-42a1-9a44-b7253f4263e5,1,0,0.0,0.0,10
Lei nº 11.127,5,0,0.0035536602700781805,0.0,11
"Lei
nº 11.127",1,0,0.0007107320540156361,0.0,11
I e II,3,0,0.0021321961620469083,0.0,11
"III
Das Fundações",1,0,0.0007107320540156361,0.0,13
Estado,8,0,0.005685856432125089,0.0,13
4d5c5c1a-a7d4-4078-b0cc-0a99b72aeefd,1,0,0.0,0.0,14
5f0dfda9-0423-4261-a8d1-2192e89875d4,1,0,0.0,0.0,14
"Fazenda do
Estado",1,0,0.0007107320540156361,0.0,13
Território,2,0,0.0014214641080312722,0.0,13
"Incluído pela Lei nº
13.151",1,0,0.0007107320540156361,0.0,11
Incluído pela Lei nº 13.151,1,0,0.0007107320540156361,0.0,11
Lei nº 13.151,3,0,0.0021321961620469083,0.0,11
VETADO,6,0,0.0042643923240938165,0.0,11
016ffe61-b12c-4b15-b717-8316e3c549dd,2,0,0.0,0.0,12
"Vide
ADIN",1,0,0.0007107320540156361,0.0,13
"Ministério Público do Distrito
Federal",1,0,0.0007107320540156361,0.0,13
Ministério Público do Estado,1,0,0.0007107320540156361,0.0,13
Ministério Público Federal,1,0,0.0007107320540156361,0.0,13
"TÍTULO III
Do Domicílio",1,0,0.0007107320540156361,0.0,15
Brasil,9,0,0.006396588486140725,0.0,13
0e26f359-bdc3-4492-99b6-4bbbfab7017f,1,0,0.0,0.0,14
b3a2cc64-208b-413e-8dbc-620610bda06c,1,0,0.0,0.0,14
31fe6306-58e9-4739-91e2-d5d1e56ac2d4,1,0,0.0,0.0,14
29993c34-5042-422f-abcc-7f7fcbc9f432,2,0,0.0,0.0,14
3db0519b-a7ea-4f76-93ec-0c7445c28b57,2,0,0.0,0.0,
Aeronáutica,1,0,0.0007107320540156361,0.0,
Marinha,1,0,0.0007107320540156361,0.0,
759e0494-d33d-4a61-bbcd-18b8b4b2f81f,3,0,0.0,0.0,
"Si Mesmos
Seção I
Dos Bens Imóveis",1,0,0.0007107320540156361,0.0,
TÍTULO ÚNICO,1,0,0.0007107320540156361,0.0,
"LIVRO II
DOS BENS",1,0,0.0007107320540156361,0.0,
c8ce1fac-6151-4d29-a27b-99c2a1fb363a,1,0,0.0,0.0,
"Seção II
Dos Bens Móveis",1,0,0.0007107320540156361,0.0,
9992d0fd-ca2b-4c1d-bbec-053fa9411142,2,0,0.0,0.0,
Consumíveis,1,0,0.0007107320540156361,0.0,
"Seção III
Dos Bens Fungíveis",1,0,0.0007107320540156361,0.0,
57a67858-439a-4563-b32e-bf71b1403a0b,1,0,0.0,0.0,
"Seção IV
Dos Bens Divisíveis",1,0,0.0007107320540156361,0.0,
c767d021-b65b-400c-89f0-17954f8426d9,2,0,0.0,0.0,
Coletivos,1,0,0.0007107320540156361,0.0,
"Seção V
Dos Bens Singulares",1,0,0.0007107320540156361,0.0,
6256d536-103c-43fe-a956-78488c9fe7c8,1,0,0.0,0.0,
"II
Dos Bens Reciprocamente Considerados",1,0,0.0007107320540156361,0.0,
021431a0-ccc4-47e3-b8fa-01db07e24772,1,0,0.0,0.0,
Principal,1,0,0.0007107320540156361,0.0,
64509e54-3dfb-494e-9e03-879dd9c731b8,1,0,0.0,0.0,
"III
Dos Bens Públicos",1,0,0.0007107320540156361,0.0,
01eca246-6b81-4187-8475-31031ea5354c,1,0,0.0,0.0,
"LIVRO III
Dos Fatos Jurídicos
TÍTULO I
Do Negócio Jurídico
CAPÍTULO I
Disposições Gerais",1,0,0.0007107320540156361,0.0,
53c13439-1bbb-4e9b-9b9b-a639b5954177,1,0,0.0,0.0,14
País,13,0,0.00923951670220327,0.0,13
92353fbe-659e-4b33-9ff9-effac5a977f8,1,0,0.0,0.0,14
867c32a7-2778-4407-9b2f-85dfec3a74dd,1,0,0.0,0.0,14
5ecd8232-ceda-4afc-8d67-161514dd432f,1,0,0.0,0.0,14
d7a43bed-2226-4d3c-a23e-65dd238035f5,2,0,0.0,0.0,14
bc5b3186-f9e2-4ce1-8369-6b8d37c31c6b,2,0,0.0,0.0,14
"Lei nº
13.874",2,0,0.0014214641080312722,0.0,11
064e0227-f320-4c4f-9d1b-fc1fdd406b03,1,0,0.0,0.0,12
CAPÍTULO II,19,0,0.013503909026297086,0.0,11
8cf329fe-101c-4449-ae8d-385389eae985,2,0,0.0,0.0,12
e922b9d1-825a-4026-9a53-478fa55637de,1,0,0.0,0.0,12
3af5905b-3fb3-4579-9ad4-fd46b0251649,1,0,0.0,0.0,12
3dd62425-c0a5-43b5-b034-6ae482cc683e,1,0,0.0,0.0,12
1b9c85f8-131d-47a1-83da-0d6ae2a45789,1,0,0.0,0.0,12
30dd36d9-b1ce-43f7-980a-93493904377e,3,0,0.0,0.0,12
065aa697-3881-4844-9f74-655e2937fa97,2,0,0.0,0.0,12
153bacc8-e65b-4fa2-a34f-7c37da9ff29f,4,0,0.0,0.0,12
8f69a5f8-5bd2-4d5a-904b-ff44a1e98436,2,0,0.0,0.0,12
9267f4e8-e9dc-43af-b2dd-7c6f5258649e,1,0,0.0,0.0,12
3fea7e64-4d93-4f25-bf3a-5b10ce7087c3,1,0,0.0,0.0,12
87848fbc-5e7f-4afc-bdc0-91036e39a8d1,1,0,0.0,0.0,12
24bce0c6-80ff-48cc-80b1-d3cfc1fcf16f,1,0,0.0,0.0,12
Encargo,1,0,0.0007107320540156361,0.0,13
Termo,1,0,0.0007107320540156361,0.0,13
Parte Especial deste Código,1,0,0.0007107320540156361,0.0,13
Invalidam,1,0,0.0007107320540156361,0.0,13
4918fc8c-ea20-42fd-97a9-b0a223a1047d,1,0,0.0,0.0,
Meado,1,0,0.0007107320540156361,0.0,
fab28bf2-bafa-41f1-9f03-3b1be9e490cc,2,0,0.0,0.0,
Ignorância,1,0,0.0007107320540156361,0.0,
"IV
Dos Defeitos do Negócio Jurídico
Seção I
Do Erro",1,0,0.0007107320540156361,0.0,
924c5d22-b74c-44f6-bb85-1ece44638b06,1,0,0.0,0.0,
"Seção II
Do Dolo",1,0,0.0007107320540156361,0.0,
65a516d1-ed42-4368-8c4d-e345ce29b4d4,2,0,0.0,0.0,14
Seção IV,10,0,0.007107320540156361,0.0,13
eddbc9a1-9c3c-4a1a-87b3-11cf4ce72d14,1,0,0.0,0.0,14
a3bd599c-40b8-48d7-86c1-5c30a7616f08,1,0,0.0,0.0,14
4037f1bf-59b9-4d3b-aa7f-c2b566bea8ed,1,0,0.0,0.0,14
114edca9-cc24-4d61-9596-4e14e854b1c4,1,0,0.0,0.0,14
4cc260ee-8592-425c-901c-7d6db1ed0108,1,0,0.0,0.0,14
fd7ad47a-1d2f-41d4-b66f-7c485ed11ebf,3,0,0.0,0.0,14
0f6cd0fe-ee53-4ea4-be5f-f40696cff984,2,0,0.0,0.0,14
Estado de Perigo,1,0,0.0007107320540156361,0.0,15
0b8f666d-6098-400f-a7f4-770129c7e5ec,1,0,0.0,0.0,12
Seção V,6,0,0.0042643923240938165,0.0,11
bb16a096-5b23-4e50-9eb9-ba3c472ef3f0,2,0,0.0,0.0,12
c55e6e95-694a-4a79-8d41-67694fd6ffa6,1,0,0.0,0.0,12
fcbcc3c5-10cb-46c6-804e-a65bf65782de,1,0,0.0,0.0,12
2edd25db-7ab2-4640-980b-33735c383fa7,2,0,0.0,0.0,12
12827665-1aca-46e3-8d4e-6dde7d304e5e,2,0,0.0,0.0,14
Credores,1,0,0.0007107320540156361,0.0,15
Seção VI,6,0,0.0042643923240938165,0.0,13
2c060a36-b53b-4658-a413-c35c1ce757ab,1,0,0.0,0.0,14
3971f6d1-825d-4cdd-9660-6e0ef035f631,1,0,0.0,0.0,14
a1e71481-88bc-4d22-9f79-075470c1d1f1,3,0,0.0,0.0,14
6d4a18f1-335b-44ba-95f7-c595c15f072e,1,0,0.0,0.0,14
20c77056-848a-4d32-9613-0d50ff705d9f,1,0,0.0,0.0,
Igual,1,0,0.0007107320540156361,0.0,
9da5d5a9-bef6-4d26-b2a4-f3482b2b938c,1,0,0.0,0.0,10
arts,12,0,0.008528784648187633,0.0,9
5f9700c7-88ab-4585-a97d-05c0d601bb52,2,0,0.0,0.0,10
058b4a79-4c58-4d97-903a-b902995289cf,1,0,0.0,0.0,10
e5679aba-6a77-4dfc-bc57-2f56c5112895,2,0,0.0,0.0,10
b4c57ac0-6dbe-41dd-b937-548719062241,2,0,0.0,0.0,10
99b49afe-2d06-42d6-b42f-c7e06901d8c2,1,0,0.0,0.0,10
a3945f3b-f92e-45dc-8dba-92c21030667c,1,0,0.0,0.0,10
611111da-3582-4c5e-bf5f-40bee738265a,1,0,0.0,0.0,10
df87e6a4-a2fe-439c-abf4-3c37f1fa50fe,1,0,0.0,0.0,
"V
Da Invalidade do Negócio Jurídico",1,0,0.0007107320540156361,0.0,
c5ae48ee-03d3-4769-b1f2-85e9afb898eb,1,0,0.0,0.0,
Anulado,1,0,0.0007107320540156361,0.0,
f1bffcfd-6e27-4c3d-833c-1fe0de16a373,1,0,0.0,0.0,
"TÍTULO II
Dos Atos Jurídicos Lícitos",1,0,0.0007107320540156361,0.0,
d24f1a37-b0a1-42d8-9eaa-421cbe53acaa,1,0,0.0,0.0,
"TÍTULO III
Dos Atos Ilícitos",1,0,0.0007107320540156361,0.0,
52204125-7a80-458d-8c98-c233376222ba,1,0,0.0,0.0,
Vide ADI,2,0,0.0014214641080312722,0.0,
c5e9520f-377e-472c-8367-94b23d6ae552,1,0,0.0,0.0,
73ce774c-cc61-4bfe-bba9-868e9edc7c63,2,0,0.0,0.0,14
TÍTULO IV,3,0,0.0021321961620469083,0.0,13
inciso II,6,0,0.0042643923240938165,0.0,13
09904926-4ef6-4dcf-859e-207b6d64e2da,1,0,0.0,0.0,14
d6c7693f-a57f-4130-bac8-4290fe3438a5,2,0,0.0,0.0,14
2a845d7e-a4e6-4e17-8121-109b9fb1b5a7,4,0,0.0,0.0,14
3a4a9d30-5304-4fe9-b2e5-174c14e77cd2,1,0,0.0,0.0,
Revogado pela Lei nº 11.280,1,0,0.0007107320540156361,0.0,
Impedem,1,0,0.0007107320540156361,0.0,13
Prescrição,3,0,0.0021321961620469083,0.0,13
29ee12b9-b173-422c-a415-dd9d1fbe0840,3,0,0.0,0.0,14
4a09a602-3284-4439-a395-df8af28fd6bf,2,0,0.0,0.0,14
Suspendem,1,0,0.0007107320540156361,0.0,13
Forças Armadas,2,0,0.0014214641080312722,0.0,13
Interrompem,1,0,0.0007107320540156361,0.0,15
"Seção III
Das Causas",1,0,0.0007107320540156361,0.0,15
"Seção IV
Dos Prazos",1,0,0.0007107320540156361,0.0,15
"Vide Lei nº
15.040",5,0,0.0035536602700781805,0.0,11
12b9488f-46d4-437c-ab7f-cb2083694df9,4,0,0.0,0.0,12
Lei nº 13.105,4,0,0.0028429282160625444,0.0,11
Código de Processo Civil,2,0,0.0014214641080312722,0.0,11
"Medida
Provisória",3,0,0.0021321961620469083,0.0,11
"Lei
nº 14.382",1,0,0.0007107320540156361,0.0,11
inciso I,2,0,0.0014214641080312722,0.0,11
cc8dfeee-0292-45ac-8f25-e7d6f6cac0e1,1,0,0.0,0.0,12
95d2533e-ff31-4856-8b5e-27a136d04f13,1,0,0.0,0.0,
TÍTULO,3,0,0.0021321961620469083,0.0,
ea681228-5738-4c21-8433-e1b4f6a01175,2,0,0.0,0.0,
34dccb75-22ca-41ac-bbc2-04deecab6a70,1,0,0.0,0.0,
f44fa667-a996-4859-ae4c-5b78902092ce,4,0,0.0,0.0,
"Seção I
Das Obrigações de Dar Coisa Certa",1,0,0.0007107320540156361,0.0,
DAS OBRIGAÇÕES,1,0,0.0007107320540156361,0.0,
DIREITO DAS OBRIGAÇÕES,1,0,0.0007107320540156361,0.0,
A R T E E S P E C I A,1,0,0.0007107320540156361,0.0,
3a498e27-ac65-433e-918d-77c78209dfe4,1,0,0.0,0.0,14
Seção,8,0,0.005685856432125089,0.0,13
8e688a04-b90b-4476-a2e5-5b916704d053,1,0,0.0,0.0,14
14aaf8df-3b0d-4ba5-8fe4-478b68108b32,1,0,0.0,0.0,14
1c3087fa-1715-41ed-bc92-5215475b097e,1,0,0.0,0.0,14
0830a485-8f65-4485-86c4-f725f957da82,2,0,0.0,0.0,14
48dc6ca0-78fb-49c9-ae22-6195ca475f51,1,0,0.0,0.0,14
e06584e2-3f1d-4cba-b1c6-3fe2241d6d59,1,0,0.0,0.0,
"II
Das Obrigações de Fazer",1,0,0.0007107320540156361,0.0,
48d23a2c-0882-4d9f-a37c-f1fb8c7c9e72,1,0,0.0,0.0,
"III
Das Obrigações de Não Fazer",1,0,0.0007107320540156361,0.0,
574ec178-af3e-4ef8-8952-1ec2443cf9da,1,0,0.0,0.0,
"IV
Das Obrigações Alternativas",1,0,0.0007107320540156361,0.0,
797dd0cc-abc7-4384-ab58-c8a6cb7cc863,1,0,0.0,0.0,
"V
Das Obrigações Divisíveis",1,0,0.0007107320540156361,0.0,
e12c0f26-1f43-47b7-9ee1-68471d5e8e86,1,0,0.0,0.0,
"Obrigações Solidárias
Seção I
Disposições Gerais",1,0,0.0007107320540156361,0.0,
Cessão de Crédito,1,0,0.0007107320540156361,0.0,15
Assunção de Dívida,1,0,0.0007107320540156361,0.0,13
061865a5-4baf-44d4-a474-bece4b15d369,3,0,0.0,0.0,
Extinção das Obrigações,1,0,0.0007107320540156361,0.0,
"TÍTULO III
Do Adimplemento",1,0,0.0007107320540156361,0.0,
"I
Do Pagamento
Seção I",1,0,0.0007107320540156361,0.0,
Deve Pagar,1,0,0.0007107320540156361,0.0,13
b7de4f0a-9396-4b78-ac95-e629051f73d5,2,0,0.0,0.0,
"Seção III
Do Objeto do Pagamento",1,0,0.0007107320540156361,0.0,
Sua Prova,1,0,0.0007107320540156361,0.0,
89939030-385a-4455-a02c-354c07271979,1,0,0.0,0.0,
"Seção IV
Do Lugar do Pagamento",1,0,0.0007107320540156361,0.0,
746f19d6-24be-4841-aacd-9e473a6510e2,1,0,0.0,0.0,
far-se-,1,0,0.0007107320540156361,0.0,
e46e4774-212c-4fc3-9f37-3f4f4fca6216,1,0,0.0,0.0,
"Seção V
Do Tempo do Pagamento",1,0,0.0007107320540156361,0.0,
bbfe7bce-bf49-4320-9489-3b0c07e54c42,2,0,0.0,0.0,
"CAPÍTULO II
Do Pagamento em Consignação",1,0,0.0007107320540156361,0.0,
"Código:
I",1,0,0.0007107320540156361,0.0,
d0b50d38-66fe-4cf3-b445-c4bad5325317,1,0,0.0,0.0,
"III
Do Pagamento com Sub-Rogação",1,0,0.0007107320540156361,0.0,
1c4edc49-e215-4782-bd2f-da0b2c5d03d7,1,0,0.0,0.0,
"IV
Da Imputação do Pagamento",1,0,0.0007107320540156361,0.0,
5c2e0070-36d9-463f-bbb6-240a9632e0af,1,0,0.0,0.0,
"V
Da Dação em Pagamento",1,0,0.0007107320540156361,0.0,
cca0bdff-d1a0-4c08-b26e-473bf399db77,1,0,0.0,0.0,
NOVAÇÃO,1,0,0.0007107320540156361,0.0,
78e69878-7c64-44b3-820e-1b49401f15ac,1,0,0.0,0.0,
Importa,1,0,0.0007107320540156361,0.0,
dc891408-4111-468b-a569-b095d0816481,1,0,0.0,0.0,
"VII
Da Compensação",1,0,0.0007107320540156361,0.0,
348b5eb9-8778-431e-b530-de54fe24ae67,2,0,0.0,0.0,12
Vide Medida Provisória,2,0,0.0014214641080312722,0.0,11
Revogado pela Lei nº 10.677,1,0,0.0007107320540156361,0.0,13
adce95d3-6ba9-4e4b-a340-814956c9053d,1,0,0.0,0.0,14
CAPÍTULO IX,3,0,0.0021321961620469083,0.0,13
57fe91a5-db55-4255-8d9e-701bcad10f23,1,0,0.0,0.0,14
7ed7ff2e-cc52-4225-a409-df32360441ef,1,0,0.0,0.0,
"TÍTULO IV
Do Inadimplemento das Obrigações",1,0,0.0007107320540156361,0.0,
Fundação Instituto Brasileiro de Geografia e Estatística,1,0,0.0007107320540156361,0.0,13
Índice Nacional de Preços ao Consumidor Amplo,1,0,0.0007107320540156361,0.0,13
IBGE,1,0,0.0007107320540156361,0.0,13
Lei nº 14.905,7,0,0.004975124378109453,0.0,11
54947bf7-4336-47e0-9d62-48afcbc94a00,2,0,0.0,0.0,
Danos,1,0,0.0007107320540156361,0.0,
"III
Das Perdas",1,0,0.0007107320540156361,0.0,
"Lei nº
14.905",3,0,0.0021321961620469083,0.0,11
fb5daff1-efdd-41d7-add4-161fd01f925b,1,0,0.0,0.0,
"IV
Dos Juros Legais",1,0,0.0007107320540156361,0.0,
Fazenda Nacional,1,0,0.0007107320540156361,0.0,15
Sistema Especial de Liquidação,1,0,0.0007107320540156361,0.0,11
Selic,1,0,0.0007107320540156361,0.0,11
"Conselho Monetário
Nacional",1,0,0.0007107320540156361,0.0,11
Custódia,1,0,0.0007107320540156361,0.0,11
Banco Central do Brasil,1,0,0.0007107320540156361,0.0,11
43b53b98-6a2d-4b6e-9c70-3361ebcccb1e,1,0,0.0,0.0,
"V
Da Cláusula Penal",1,0,0.0007107320540156361,0.0,
44c3afdd-b709-4ee4-ab40-ea9eb4c37118,1,0,0.0,0.0,
Sinal,1,0,0.0007107320540156361,0.0,
Geral,1,0,0.0007107320540156361,0.0,
Declaração de Direitos de Liberdade Econômica,1,0,0.0007107320540156361,0.0,13
Vide Lei nº 13,1,0,0.0007107320540156361,0.0,13
0cd863db-21f9-4cd8-8135-8a9052015d98,1,0,0.0,0.0,
"Seção V
Dos Vícios Redibitórios",1,0,0.0007107320540156361,0.0,
"Revogado
pela Lei",1,0,0.0007107320540156361,0.0,13
ce9d0fbf-1b31-47b1-98da-e7e142602855,1,0,0.0,0.0,
"Seção VII
Dos Contratos Aleatórios",1,0,0.0007107320540156361,0.0,
63996c19-06f1-4b94-82cb-2241224bde37,1,0,0.0,0.0,
"Seção VIII
Do Contrato Preliminar",1,0,0.0007107320540156361,0.0,
a7f77bb7-a0b8-47ab-81bf-56f5888d3031,3,0,0.0,0.0,
Pessoa,1,0,0.0007107320540156361,0.0,
Declarar,1,0,0.0007107320540156361,0.0,
"Seção IX
Do Contrato",1,0,0.0007107320540156361,0.0,
Cumprido,1,0,0.0007107320540156361,0.0,13
TÍTULO VI,1,0,0.0007107320540156361,0.0,13
"Venda
Seção I
Disposições Gerais",1,0,0.0007107320540156361,0.0,13
"Várias Espécies de Contrato
CAPÍTULO I
Da Compra",1,0,0.0007107320540156361,0.0,13
040edea8-f229-4198-96c4-bf5d26d6aa76,1,0,0.0,0.0,14
Nulo,2,0,0.0014214641080312722,0.0,13
df8e36e1-117f-42e1-9734-b6eea6d4f20e,1,0,0.0,0.0,
Correrão,1,0,0.0007107320540156361,0.0,
condôminos,6,0,0.0042643923240938165,0.0,13
13e60a6a-be2e-4427-bd2e-3ee3c5af89a3,2,0,0.0,0.0,14
9b0c1fe3-eada-4d31-9c56-e2d35fc9550e,1,0,0.0,0.0,14
f422cb87-bfea-47d8-86e9-af7ae0afac38,2,0,0.0,0.0,14
Compra,1,0,0.0007107320540156361,0.0,13
Venda,1,0,0.0007107320540156361,0.0,13
a823d6d5-2a9a-472f-9b82-89ce9df27b1f,4,0,0.0,0.0,14
Contento,1,0,0.0007107320540156361,0.0,15
Subseção II,3,0,0.0021321961620469083,0.0,13
Prova,1,0,0.0007107320540156361,0.0,15
Sujeita,1,0,0.0007107320540156361,0.0,15
6294c0b5-599b-4e11-ab78-787aac53cabf,3,0,0.0,0.0,
Preempção,1,0,0.0007107320540156361,0.0,
Subseção III,2,0,0.0014214641080312722,0.0,
4a3c82a7-0af3-4caa-a01f-9da1e832f5ab,1,0,0.0,0.0,
Preferência,1,0,0.0007107320540156361,0.0,
485d9b1a-56f1-4198-9476-637e228415e9,1,0,0.0,0.0,
Subseção IV,1,0,0.0007107320540156361,0.0,
d81d9bef-e954-491a-8ecd-e99992ed10bc,1,0,0.0,0.0,
Subseção V,1,0,0.0007107320540156361,0.0,
Permuta,1,0,0.0007107320540156361,0.0,11
6e39bd0f-120b-45b5-bbb5-97a023c2ce65,1,0,0.0,0.0,
"III
Do Contrato Estimatório",1,0,0.0007107320540156361,0.0,
c8cb45fb-a47a-4fcb-a7eb-0830909d8e8a,1,0,0.0,0.0,
liberalidade,1,0,0.0007107320540156361,0.0,
b4c6c001-300b-47c8-908f-4dbef54a55b4,1,0,0.0,0.0,
Nula,1,0,0.0007107320540156361,0.0,
"V
Da Locação de Coisas",1,0,0.0007107320540156361,0.0,13
bbb91092-2b03-4ef5-93bc-30d97db3eb2e,3,0,0.0,0.0,12
Títulos,1,0,0.0007107320540156361,0.0,13
Registro de Imóveis,6,0,0.0042643923240938165,0.0,11
dbd84069-5bb2-4be9-9bee-9d3d8a0e657f,2,0,0.0,0.0,12
0d034c27-2353-4e87-a245-9f86feb09ecb,1,0,0.0,0.0,12
2979fc6b-f745-47d2-8fe4-45a371f1904f,2,0,0.0,0.0,12
0eccdc05-6233-4bcd-bea8-b2858866b5a5,1,0,0.0,0.0,12
Documentos do domicílio do locador,1,0,0.0007107320540156361,0.0,13
b273eec9-3793-4ac1-90cd-7d9e2f9ad8a9,1,0,0.0,0.0,
"VI
Do Empréstimo
Seção I
Do Comodato",1,0,0.0007107320540156361,0.0,
8618d7e1-034d-4a16-ac91-ba3bbff39f2d,1,0,0.0,0.0,
presumir-se-lhe-á,1,0,0.0007107320540156361,0.0,
0123ef9a-e792-4578-8671-7634632035f5,1,0,0.0,0.0,
"Seção II
Do Mútuo",1,0,0.0007107320540156361,0.0,
0d85c435-8d34-4f90-be13-c9e78380c150,1,0,0.0,0.0,12
Capítulo,15,0,0.010660980810234541,0.0,11
6eb8c124-054d-41cd-b38c-ac496afd0824,1,0,0.0,0.0,12
0d12f3c8-16f6-47f0-ab90-75dcb3653708,1,0,0.0,0.0,12
537c0d96-eb1b-4038-9e94-eac64b6abce8,1,0,0.0,0.0,12
4a1401d1-a99d-4be5-af40-bfcae911c969,1,0,0.0,0.0,12
5e4f13b9-5cf6-42a1-808d-e2e0e02c3303,1,0,0.0,0.0,12
ecb35e85-c0bb-4385-a8b1-c4d27b3c3ffa,1,0,0.0,0.0,12
164af1de-afe3-4575-9e4d-74ac93d084fa,2,0,0.0,0.0,12
75aa7fed-5517-4400-ad17-a700c47d77f1,1,0,0.0,0.0,12
6bee4018-5060-4dcd-af54-cd29033d1857,1,0,0.0,0.0,12
79e6c357-6dc0-48fd-9dc9-8a1b8e2f3808,1,0,0.0,0.0,
Termina,1,0,0.0007107320540156361,0.0,
2a5d140c-28b4-4069-9113-fa58ddbd6b3b,1,0,0.0,0.0,
Poderá,1,0,0.0007107320540156361,0.0,
b05e9646-3f63-4f5a-bc95-7191d77fbf1a,1,0,0.0,0.0,
Decairá do direito,1,0,0.0007107320540156361,0.0,
6577d3a3-c61e-4c6c-8560-1dd73666bf1f,1,0,0.0,0.0,
"IX
Do Depósito
Seção I",1,0,0.0007107320540156361,0.0,
378a4f8a-0106-4303-84e2-1c776037904f,1,0,0.0,0.0,
Depósito Público,3,0,0.0021321961620469083,0.0,
3f2e5f8d-a006-46fd-8c42-72155ca1dea8,1,0,0.0,0.0,
eed87e94-913a-42f9-9929-4166fba4d473,1,0,0.0,0.0,
41565fd3-4536-49a8-827c-2e29a338af9e,1,0,0.0,0.0,
Cessa,3,0,0.0021321961620469083,0.0,
0ddb83cf-93c6-49ec-bea3-f940a836eb04,1,0,0.0,0.0,
c3a59531-1c98-46b2-ba39-54cf9939ece5,1,0,0.0,0.0,
988326d7-fb1a-4765-8bb6-39fdec0831a0,1,0,0.0,0.0,
"CAPÍTULO X
Do Mandato
Seção I
Disposições Gerais",1,0,0.0007107320540156361,0.0,
e6bdfbc1-f45b-4565-9d5a-c7b50ada1dd6,1,0,0.0,0.0,14
Havendo,9,0,0.006396588486140725,0.0,13
1d7b0322-473a-4d90-935d-8b5ff25153b0,1,0,0.0,0.0,14
148f3ff8-f7f7-4bea-bfda-95b515c0feeb,1,0,0.0,0.0,14
e00fec51-6f5b-4d0b-ac95-da00c4f1e578,3,0,0.0,0.0,14
9ab5e293-6954-4ad3-bbca-6336e7c83a9c,1,0,0.0,0.0,14
877a22dd-446f-4197-8b61-1e20ad9444ee,1,0,0.0,0.0,14
f7009437-67dd-4074-8931-0ee9409af435,1,0,0.0,0.0,14
1a438499-d8b1-4549-8a76-7fa0a93a5d24,1,0,0.0,0.0,14
77401446-aa06-42a3-bae5-fe18172a5fe2,1,0,0.0,0.0,
"Seção III
Das Obrigações do Mandante",1,0,0.0007107320540156361,0.0,
ac97c84a-cadd-4cbe-b2a9-35325df874a3,1,0,0.0,0.0,
"Seção V
Do Mandato Judicial",1,0,0.0007107320540156361,0.0,
"XI
Da Comissão",1,0,0.0007107320540156361,0.0,11
"Incluído Lei nº
14.690",1,0,0.0007107320540156361,0.0,13
c3c273ea-9004-41e9-8738-c28b0e116425,2,0,0.0,0.0,12
XII,2,0,0.0014214641080312722,0.0,11
Agência e Distribuição,1,0,0.0007107320540156361,0.0,13
e7eacc31-1d0e-4c5e-88cc-dc85b27058eb,1,0,0.0,0.0,
"XIII
Da Corretagem",1,0,0.0007107320540156361,0.0,
Lei nº 12.236,1,0,0.0007107320540156361,0.0,13
"Transporte
Seção I
Disposições Gerais",1,0,0.0007107320540156361,0.0,11
99afd162-e94b-4e4f-9f7f-01335c36559a,1,0,0.0,0.0,
"Seção II
Do Transporte de Pessoas",1,0,0.0007107320540156361,0.0,
d50bff10-9044-400d-9041-f59f3abe8d6d,1,0,0.0,0.0,
"Seção III
Do Transporte de Coisas",1,0,0.0007107320540156361,0.0,
14e8b4db-6b12-4f8d-b3a5-ef55cf9a3643,2,0,0.0,0.0,14
"Seção I
Disposições Gerais",3,0,0.0021321961620469083,0.0,13
SEGURO,1,0,0.0007107320540156361,0.0,15
"Vigência
Parágrafo",16,0,0.011371712864250177,0.0,11
1c9a9e5d-2bed-4a4c-a203-a57e35f8ee4f,2,0,0.0,0.0,12
"Vide
Lei",2,0,0.0014214641080312722,0.0,13
saiba,2,0,0.0014214641080312722,0.0,13
tomará,1,0,0.0007107320540156361,0.0,13
"Vigência
Seção II
Do Seguro de Dano",1,0,0.0007107320540156361,0.0,13
3º Intentada,1,0,0.0007107320540156361,0.0,13
"Seção III
Do Seguro de Pessoa",1,0,0.0007107320540156361,0.0,13
"Vigência
CAPÍTULO XVI",1,0,0.0007107320540156361,0.0,13
Constituição de Renda,1,0,0.0007107320540156361,0.0,13
ed5e7a0d-592a-4fb8-93e1-844ec5d17ea2,2,0,0.0,0.0,
"XVII
Do Jogo",1,0,0.0007107320540156361,0.0,
Aposta,1,0,0.0007107320540156361,0.0,
ac1dcf91-de0d-41b3-b445-390ebc065ec7,1,0,0.0,0.0,
"FIANÇA
Seção I
Disposições Gerais",1,0,0.0007107320540156361,0.0,
Lei nº 10.931,6,0,0.0042643923240938165,0.0,11
9ddd0824-0bf5-4c7f-899f-96b4ae163f86,1,0,0.0,0.0,
fiança,1,0,0.0007107320540156361,0.0,
1ef2dc92-92ed-464c-9e93-0db5763082ba,1,0,0.0,0.0,
"Seção II
Dos Efeitos da Fiança",1,0,0.0007107320540156361,0.0,
da1e921e-bc53-4b86-8ac1-f980119a321d,1,0,0.0,0.0,
Transação,1,0,0.0007107320540156361,0.0,
9156886a-6109-4bc5-93b0-e9c63aba545c,1,0,0.0,0.0,
"CAPÍTULO XX
Do Compromisso",1,0,0.0007107320540156361,0.0,
5176ed74-af39-4604-ba3f-38eeb5a474c5,2,0,0.0,0.0,14
CONTRATO DE ADMINISTRAÇÃO FIDUCIÁRIA,1,0,0.0007107320540156361,0.0,15
Incluído pela Lei nº 14.711,3,0,0.0021321961620469083,0.0,13
d39f95fb-d2d9-41e7-a59c-65d24a37867d,4,0,0.0,0.0,14
"Incluído pela Lei nº
14.711",2,0,0.0014214641080312722,0.0,13
"TÍTULO VII
Dos Atos Unilaterais
CAPÍTULO I",1,0,0.0007107320540156361,0.0,13
Lei nº 14.711,4,0,0.0028429282160625444,0.0,13
57be1bb6-218c-4393-9abb-fdc1eaf7d3b6,1,0,0.0,0.0,14
Qualquer,1,0,0.0007107320540156361,0.0,13
249516a4-d5bb-4a01-aa2f-6144cdccbb7f,1,0,0.0,0.0,
Vigora,1,0,0.0007107320540156361,0.0,
c43e7391-076d-4f74-babf-34fcfe986977,1,0,0.0,0.0,
"III
Do Pagamento Indevido",1,0,0.0007107320540156361,0.0,
31851e21-95e5-4830-9076-d9559aabce26,1,0,0.0,0.0,
"IV
Do Enriquecimento",1,0,0.0007107320540156361,0.0,
4c6ce491-8e54-407c-81c0-d7024bf2c64c,1,0,0.0,0.0,
"TÍTULO VIII
Dos Títulos de Crédito
CAPÍTULO I
Disposições Gerais",1,0,0.0007107320540156361,0.0,
b923c756-f7f8-4c89-a09d-11bc0f9835a2,1,0,0.0,0.0,
Subsiste,1,0,0.0007107320540156361,0.0,
"II
Do Título ao Portador",1,0,0.0007107320540156361,0.0,11
fb33b1cc-6ff3-438d-94d8-3d35a740c4ea,1,0,0.0,0.0,
"III
Do Título",1,0,0.0007107320540156361,0.0,
6e397289-bb08-4750-9a49-16f2e1549953,1,0,0.0,0.0,
"IV
Do Título Nominativo",1,0,0.0007107320540156361,0.0,
00bdc4f9-db66-416d-a257-c5ca1599db0c,2,0,0.0,0.0,
Obrigação de Indenizar,1,0,0.0007107320540156361,0.0,
"TÍTULO IX
Da Responsabilidade Civil
CAPÍTULO I",1,0,0.0007107320540156361,0.0,
2a9b5308-5253-452d-b821-179b8a11c60b,1,0,0.0,0.0,
I a V,1,0,0.0007107320540156361,0.0,
Lei nº 13.176,1,0,0.0007107320540156361,0.0,11
"LIVRO II
Do Direito de Empresa
TÍTULO I
Do Empresário
CAPÍTULO I",1,0,0.0007107320540156361,0.0,11
Fazenda Pública,1,0,0.0007107320540156361,0.0,11
85ea0a35-c98b-483e-8d8f-580a8251a9b6,1,0,0.0,0.0,12
Registro Público de Empresas Mercantis,8,0,0.005685856432125089,0.0,11
92100074-397d-40e2-8af2-e07db395a19c,1,0,0.0,0.0,12
5b341340-613e-406a-bc77-197597a4aea8,1,0,0.0,0.0,12
1d265e7a-9d85-4ebe-87ea-19c67f34ef1c,2,0,0.0,0.0,12
21ab3a3f-9d1f-4c49-aec9-0427c4333b6a,1,0,0.0,0.0,12
0932153f-f719-427c-aca5-30e686a5bdcb,1,0,0.0,0.0,12
fe623d2a-2c07-4230-8c5d-a372bcbc9def,1,0,0.0,0.0,12
CGSIM,1,0,0.0007107320540156361,0.0,11
Registro Público de Empresas,1,0,0.0007107320540156361,0.0,11
Lei Complementar,1,0,0.0007107320540156361,0.0,11
Lei nº 12.470,1,0,0.0007107320540156361,0.0,11
Incluído pela Lei nº 12.470,1,0,0.0007107320540156361,0.0,11
"Registro
Público de Empresas Mercantis",2,0,0.0014214641080312722,0.0,11
374c46a1-fdba-4a93-89a9-979c26035486,3,0,0.0,0.0,12
"Comitê para Gestão da Rede Nacional para a Simplificação do
Registro e da Legalização de Empresas",1,0,0.0007107320540156361,0.0,11
Negócios - CGSIM,1,0,0.0007107320540156361,0.0,11
Lei nº 14.193,1,0,0.0007107320540156361,0.0,13
"Registro Público de Empresas
Mercantis",5,0,0.0035536602700781805,0.0,11
7b871395-2246-4fd5-8485-b180f90b469a,2,0,0.0,0.0,12
0849b7e7-9aea-4c19-aed6-0376e0403762,3,0,0.0,0.0,12
Lei nº 12.399,1,0,0.0007107320540156361,0.0,13
O Registro Público de Empresas Mercantis,1,0,0.0007107320540156361,0.0,13
Juntas Comerciais,2,0,0.0014214641080312722,0.0,13
Incluído pela Lei nº 12.399,1,0,0.0007107320540156361,0.0,13
Registro Civil,10,0,0.007107320540156361,0.0,13
0b64ca12-52e4-4cb8-b259-f27fd19e38bd,4,0,0.0,0.0,14
9c51beda-499d-4dca-abf2-2622bd2b1ae6,1,0,0.0,0.0,14
51c21e78-b28f-471f-9fe7-3f80dacb1cbf,1,0,0.0,0.0,14
6ab8d0b0-46c4-4ede-9767-a44d27319225,1,0,0.0,0.0,14
61d43b6b-f995-45ab-8c5d-f67f315083d2,1,0,0.0,0.0,14
7f06da86-7785-4d3e-9f73-946ec04a9ba8,1,0,0.0,0.0,14
85d96fdc-f750-43bd-b329-0652b35973ae,1,0,0.0,0.0,14
EMPRESA,1,0,0.0007107320540156361,0.0,13
Incluído pela Lei nº 12.441,2,0,0.0014214641080312722,0.0,13
"Revogado Pela Medida
Provisória",1,0,0.0007107320540156361,0.0,13
"Revogado pela
Lei nº 14.382",1,0,0.0007107320540156361,0.0,13
EIRELI,1,0,0.0007107320540156361,0.0,13
c8641771-2a63-4579-a34d-13d90d640a1c,1,0,0.0,0.0,
"SUBTÍTULO I
Da Sociedade Não Personificada
CAPÍTULO I
Da Sociedade em Comum",1,0,0.0007107320540156361,0.0,
Conta de Participação,1,0,0.0007107320540156361,0.0,13
afdb44d2-1426-4d60-be16-e257d430f6cd,1,0,0.0,0.0,
intervier,1,0,0.0007107320540156361,0.0,
"Sociedade Personificada
CAPÍTULO I
Da Sociedade Simples",1,0,0.0007107320540156361,0.0,15
SUBTÍTULO II,2,0,0.0014214641080312722,0.0,15
009d6ef0-ac7b-40a1-a6e2-364b0a7083dc,1,0,0.0,0.0,16
8ce3f21c-01a2-45ad-8426-29118a1196d5,1,0,0.0,0.0,14
Registro Civil das Pessoas Jurídicas,3,0,0.0021321961620469083,0.0,13
"Seção II
Dos Direitos e",1,0,0.0007107320540156361,0.0,15
Obrigações dos Sócios,1,0,0.0007107320540156361,0.0,15
15e5209a-7529-4b75-81ee-e449f5e2d689,1,0,0.0,0.0,
Responde,2,0,0.0014214641080312722,0.0,
7aa1e672-d294-4a62-9e3f-322db6a9ed42,1,0,0.0,0.0,
"Revogado pela Lei nº
14.195",1,0,0.0007107320540156361,0.0,13
"Revogado pela
Lei nº 14.195",1,0,0.0007107320540156361,0.0,13
44ea331d-88ca-4810-a3da-e084b870a148,1,0,0.0,0.0,
sócio,2,0,0.0014214641080312722,0.0,
126b84bd-56c9-4d4b-b001-dccb0ad753db,1,0,0.0,0.0,
Sócio,1,0,0.0007107320540156361,0.0,13
Complementar,1,0,0.0007107320540156361,0.0,11
Nome Coletivo,1,0,0.0007107320540156361,0.0,13
Subtítulo,1,0,0.0007107320540156361,0.0,13
Capítulo IX,1,0,0.0007107320540156361,0.0,13
9d953245-a3d8-4ac5-a044-97532235c147,2,0,0.0,0.0,
"III
Da Sociedade em",1,0,0.0007107320540156361,0.0,
Comandita Simples,1,0,0.0007107320540156361,0.0,
"IV
Da Sociedade Limitada
Seção I
Disposições Preliminares",1,0,0.0007107320540156361,0.0,15
Lei nº 12.375,1,0,0.0007107320540156361,0.0,13
Lei nº 14.451,2,0,0.0014214641080312722,0.0,11
Lei nº 13.792,2,0,0.0014214641080312722,0.0,11
5f34970a-bd9d-4eae-a565-07e94a9c5e9e,1,0,0.0,0.0,
"Seção IV
Do Conselho Fiscal",1,0,0.0007107320540156361,0.0,
2fab895a-e296-450e-b1e1-9c98422f0c2d,1,0,0.0,0.0,14
conselho fiscal,2,0,0.0014214641080312722,0.0,13
7a809d47-1e19-4a7e-85e7-d310710f739f,1,0,0.0,0.0,
"Seção V
Das Deliberações dos Sócios",1,0,0.0007107320540156361,0.0,
Cópia,1,0,0.0007107320540156361,0.0,13
Revogado pela Lei nº 14.451,1,0,0.0007107320540156361,0.0,11
"Vigência
III",1,0,0.0007107320540156361,0.0,11
"V,
VI e VIII",1,0,0.0007107320540156361,0.0,11
"V
e VI",1,0,0.0007107320540156361,0.0,11
"Vigência
II",1,0,0.0007107320540156361,0.0,11
"Vigência
I",1,0,0.0007107320540156361,0.0,11
"Departamento Nacional de Registro Empresarial e Integração da Secretaria Especial de
Desburocratização",1,0,0.0007107320540156361,0.0,13
reunião,2,0,0.0014214641080312722,0.0,13
Gestão,1,0,0.0007107320540156361,0.0,13
Governo Digital do Ministério da Economia,1,0,0.0007107320540156361,0.0,13
Redução do Capital,1,0,0.0007107320540156361,0.0,13
"Seção VI
Do Aumento",1,0,0.0007107320540156361,0.0,13
Incluído pela Lei,2,0,0.0014214641080312722,0.0,13
c7aa1ac7-d566-4247-b646-d27588e8da4c,1,0,0.0,0.0,
"Registro Público
de Empresas Mercantis",1,0,0.0007107320540156361,0.0,
Sócios Minoritários,1,0,0.0007107320540156361,0.0,13
Seção VII,2,0,0.0014214641080312722,0.0,13
6f76c08d-70ef-4dbd-a533-1d1cbb05f896,1,0,0.0,0.0,14
Seção VIII,1,0,0.0007107320540156361,0.0,11
66288da9-3a01-4505-9408-c7c6aa7262ed,1,0,0.0,0.0,
"V
Da Sociedade Anônima
Seção Única",1,0,0.0007107320540156361,0.0,
Ações,1,0,0.0007107320540156361,0.0,11
Comandita,1,0,0.0007107320540156361,0.0,11
8deb419f-12ba-499a-b232-245d5e5da7d8,1,0,0.0,0.0,
"VII
Da Sociedade Cooperativa",1,0,0.0007107320540156361,0.0,
d93c0fe3-f8a6-4856-b062-d3a5910fec7a,1,0,0.0,0.0,
Das Sociedades CoLigadas,1,0,0.0007107320540156361,0.0,
Livro,2,0,0.0014214641080312722,0.0,13
e3b1225f-0ce9-48ec-aac4-35ba9ed593c0,2,0,0.0,0.0,
"CAPÍTULO X
Da Transformação, da Incorporação, da Fusão",1,0,0.0007107320540156361,0.0,
Cisão das Sociedades,1,0,0.0007107320540156361,0.0,
d2a99820-4a7a-4346-b530-14bc86bd62e7,1,0,0.0,0.0,
convocarão reunião,1,0,0.0007107320540156361,0.0,
9df8aca5-35ae-42a5-b372-4189ff121d79,2,0,0.0,0.0,
3º Ocorrendo,1,0,0.0007107320540156361,0.0,
"XI
Da Sociedade Dependente de Autorização",1,0,0.0007107320540156361,0.0,
Obtida,1,0,0.0007107320540156361,0.0,15
Sociedade Estrangeira,1,0,0.0007107320540156361,0.0,13
3º Inscrita,1,0,0.0007107320540156361,0.0,15
e4b687f1-19d6-435e-b6fb-913caf241120,1,0,0.0,0.0,
"Poder
Executivo",1,0,0.0007107320540156361,0.0,
O Poder Executivo,1,0,0.0007107320540156361,0.0,15
9f50be3d-dc51-4e04-abfc-d9b0f975b1a3,1,0,0.0,0.0,
"TÍTULO IV
Dos Institutos Complementares
CAPÍTULO I
Do Registro",1,0,0.0007107320540156361,0.0,
d0556200-c107-46f9-bb42-b90c3ccc7b4f,1,0,0.0,0.0,
Requerido,1,0,0.0007107320540156361,0.0,
NOME,1,0,0.0007107320540156361,0.0,13
Lei nº 14.382,3,0,0.0021321961620469083,0.0,13
"Lei nº
14.382",1,0,0.0007107320540156361,0.0,13
28ba133d-74b2-4b08-8ac8-623c22e20dad,1,0,0.0,0.0,
"III
Dos Prepostos
Seção I
Disposições Gerais",1,0,0.0007107320540156361,0.0,
5a70b501-ac60-4a13-9e1b-be6c6431ad3b,1,0,0.0,0.0,
"Seção II
Do Gerente",1,0,0.0007107320540156361,0.0,
5dcf373b-be3a-4916-920e-3cdeda784143,2,0,0.0,0.0,
"Seção III
Do Contabilista",1,0,0.0007107320540156361,0.0,
Auxiliares,1,0,0.0007107320540156361,0.0,
ab5252e2-744e-414c-abcc-2c4e3b256c82,1,0,0.0,0.0,
"IV
Da Escrituração",1,0,0.0007107320540156361,0.0,
dbd6cf4b-1049-4654-a7ec-65551e4a9259,1,0,0.0,0.0,
Diário,3,0,0.0021321961620469083,0.0,
4420b0fc-71f4-46c2-b51b-3f091ea1255f,3,0,0.0,0.0,
b0f3c523-dd23-45e7-beaa-5144df5c2e20,3,0,0.0,0.0,
Serão,3,0,0.0021321961620469083,0.0,
cb39210d-0e73-4b57-b069-df5bda96a690,1,0,0.0,0.0,
347c1d06-a811-40f6-bed4-7bc178aa2cf5,3,0,0.0,0.0,
Ciências Contábeis,1,0,0.0007107320540156361,0.0,
Balancetes Diários,2,0,0.0014214641080312722,0.0,
fb60ee83-406e-46b7-9226-6d72ac594100,2,0,0.0,0.0,
Balanços,2,0,0.0014214641080312722,0.0,
Bolsa de Valores,1,0,0.0007107320540156361,0.0,13
"LIVRO III
Do Direito das Coisas
LIVRO III",1,0,0.0007107320540156361,0.0,13
Classificação,1,0,0.0007107320540156361,0.0,13
"CAPÍTULO I
Da Posse",1,0,0.0007107320540156361,0.0,13
"LIVRO III
Do Direito das Coisas
TÍTULO I
Da posse",1,0,0.0007107320540156361,0.0,13
1bd43f97-0a0e-45f5-94b4-81e4034a4d82,1,0,0.0,0.0,
"III
Dos Efeitos da Posse",1,0,0.0007107320540156361,0.0,
1f25d8b4-176c-477f-9128-6f5488d4fd33,1,0,0.0,0.0,
Vide Decreto-lei,1,0,0.0007107320540156361,0.0,
c8e6141d-bb91-43ad-a912-ebf1a5e71408,1,0,0.0,0.0,
"IV
Da Perda da Posse",1,0,0.0007107320540156361,0.0,
23559716-1f1f-49a5-a729-4a6006167a6f,1,0,0.0,0.0,
"TÍTULO II
Dos Direitos Reais
CAPÍTULO ÚNICO",1,0,0.0007107320540156361,0.0,
Incluído pela Lei nº 11.481,2,0,0.0014214641080312722,0.0,11
Lei nº 13.465,2,0,0.0014214641080312722,0.0,11
Lei nº 14.620,2,0,0.0014214641080312722,0.0,11
"Distrito
Federal",2,0,0.0014214641080312722,0.0,11
Cartório de Registro de Imóveis,10,0,0.007107320540156361,0.0,9
d8399c08-b907-4aab-a7f4-7e9c63fa9c11,1,0,0.0,0.0,10
e24f4a72-6d99-499d-86f3-f0cbe53d6e5a,1,0,0.0,0.0,10
04488503-6d06-48b7-84e2-ac1fe5e672d1,1,0,0.0,0.0,10
25e43524-c1c7-4633-9cdb-165ab1277612,1,0,0.0,0.0,10
68b6a6e5-a203-4984-9f79-c98afa2912d0,1,0,0.0,0.0,10
b49d81c3-afae-4abb-81ac-d957cca7930a,2,0,0.0,0.0,10
5833e6e4-1f28-4e13-825c-4272c5ba3649,2,0,0.0,0.0,10
"TÍTULO III
Da Propriedade
CAPÍTULO I
Da Propriedade em Geral
Seção I
Disposições Preliminares",1,0,0.0007107320540156361,0.0,10
"Lei nº
12.424",1,0,0.0007107320540156361,0.0,13
e2d7405b-a3b5-4b67-bbc7-ae83149f82b4,1,0,0.0,0.0,
"Cartório de
Registro de Imóveis",1,0,0.0007107320540156361,0.0,
Registro do Título,1,0,0.0007107320540156361,0.0,13
6a103d98-1218-4732-850f-bb7d1aab8869,1,0,0.0,0.0,
"Registro
de Imóveis",1,0,0.0007107320540156361,0.0,
Acessão,1,0,0.0007107320540156361,0.0,13
9c6bd035-4bb5-4884-9956-395e570212a0,1,0,0.0,0.0,
"Subseção I
Das Ilhas",1,0,0.0007107320540156361,0.0,
57151ed5-86b4-4d95-98b5-5a904eadd310,1,0,0.0,0.0,
"Subseção IV
Do Álveo Abandonado",1,0,0.0007107320540156361,0.0,
7862a1a9-d14c-47ff-87e8-00e5bcf72958,1,0,0.0,0.0,
"Subseção V
Das Construções e Plantações",1,0,0.0007107320540156361,0.0,
6f4db544-7c01-4be8-8e8c-dddfe9a865b2,1,0,0.0,0.0,
"Seção III
Do Achado do Tesouro",1,0,0.0007107320540156361,0.0,
Adjunção,1,0,0.0007107320540156361,0.0,15
Comissão,1,0,0.0007107320540156361,0.0,15
"IV
Da Perda da Propriedade",1,0,0.0007107320540156361,0.0,11
"V
Dos Direitos de Vizinhança
Seção I
Do Uso Anormal da Propriedade",1,0,0.0007107320540156361,0.0,13
Tubulações,1,0,0.0007107320540156361,0.0,15
Passagem de Cabos,1,0,0.0007107320540156361,0.0,15
a77d8134-ad23-4478-930f-701271d35c7f,3,0,0.0,0.0,
Prédios,1,0,0.0007107320540156361,0.0,
Direito de Tapagem,1,0,0.0007107320540156361,0.0,
"Seção VI
Dos Limites",1,0,0.0007107320540156361,0.0,
e78de044-453d-4ba9-8b91-365123445bdf,1,0,0.0,0.0,
"Seção VII
Do Direito de Construir",1,0,0.0007107320540156361,0.0,
provier dano,1,0,0.0007107320540156361,0.0,15
"VI
Do Condomínio Geral
Seção I
Do Condomínio Voluntário
Subseção I
Dos Direitos",1,0,0.0007107320540156361,0.0,15
Deveres dos Condôminos,1,0,0.0007107320540156361,0.0,15
e32ff1d9-1cba-4d88-8509-6d8908ba3bd7,1,0,0.0,0.0,
"Seção II
Do Condomínio Necessário",1,0,0.0007107320540156361,0.0,
8feef90b-5e36-462b-88c0-27a73bb9e541,1,0,0.0,0.0,
"VII
Do Condomínio Edilício
Seção I
Disposições Gerais",1,0,0.0007107320540156361,0.0,
Lei nº 12.607,1,0,0.0007107320540156361,0.0,13
02fff997-fb86-4a26-84a5-4b4d9fe3b804,1,0,0.0,0.0,
"Cartório
de Registro de Imóveis",1,0,0.0007107320540156361,0.0,
I - Contribuir,1,0,0.0007107320540156361,0.0,11
II a IV,1,0,0.0007107320540156361,0.0,11
síndico,1,0,0.0007107320540156361,0.0,11
Lei nº 14.405,1,0,0.0007107320540156361,0.0,13
Incluído pela Lei nº 14.309,2,0,0.0014214641080312722,0.0,13
"Lei nº
14.309",2,0,0.0014214641080312722,0.0,13
"Incluído pela Lei nº
14.309",1,0,0.0007107320540156361,0.0,13
internet,1,0,0.0007107320540156361,0.0,13
Realizada,1,0,0.0007107320540156361,0.0,15
13864d2c-e0cd-4920-9544-9b1fb2dbec23,2,0,0.0,0.0,12
Incluído pela Lei nº 13.465,6,0,0.0042643923240938165,0.0,11
"Seção IV
Do Condomínio de Lotes",1,0,0.0007107320540156361,0.0,13
CONDOMÍNIO,1,0,0.0007107320540156361,0.0,13
"MULTIPROPRIEDADE
Seção I",1,0,0.0007107320540156361,0.0,13
"Incluído pela
Lei nº 14.382",1,0,0.0007107320540156361,0.0,13
Incluído pela Lei nº 14.382,1,0,0.0007107320540156361,0.0,13
"Incluído pela
Medida Provisória",2,0,0.0014214641080312722,0.0,13
Capítulo I do Título II da Lei,1,0,0.0007107320540156361,0.0,13
Incluído pela Lei nº 13.777,16,0,0.011371712864250177,0.0,11
Código de Defesa do Consumidor,1,0,0.0007107320540156361,0.0,11
Leis,1,0,0.0007107320540156361,0.0,11
Multipropriedade,1,0,0.0007107320540156361,0.0,13
"Lei nº
13.777",4,0,0.0028429282160625444,0.0,11
Instituição da Multipropriedade,1,0,0.0007107320540156361,0.0,13
Obrigações do Multiproprietário,1,0,0.0007107320540156361,0.0,13
Lei nº 13.777,5,0,0.0035536602700781805,0.0,11
"Incluído pela Lei nº
13.777",3,0,0.0021321961620469083,0.0,11
"Incluído pela Lei
nº 13.777",1,0,0.0007107320540156361,0.0,13
Da Transferência da Multipropriedade,1,0,0.0007107320540156361,0.0,13
Disposições Específicas Relativas às Unidades Autônomas de Condomínios,1,0,0.0007107320540156361,0.0,13
Lei nº 4.591,1,0,0.0007107320540156361,0.0,13
Lei nº 11.771,1,0,0.0007107320540156361,0.0,11
0e6df5db-8a77-4744-8e8e-4bab2f90c648,2,0,0.0,0.0,14
Registro de Títulos,2,0,0.0014214641080312722,0.0,15
70753bf4-bc70-432e-821f-a6d2b0b62b4d,2,0,0.0,0.0,16
Documentos do domicílio do devedor,2,0,0.0014214641080312722,0.0,13
3bcc021e-7893-4cd6-a581-f705937310ac,3,0,0.0,0.0,12
Capítulo I do Título X do Livro III da Parte Especial deste Código,1,0,0.0007107320540156361,0.0,13
Lei nº 13.043,2,0,0.0014214641080312722,0.0,13
"CAPÍTULO X
Do Fundo de Investimento",1,0,0.0007107320540156361,0.0,15
Comissão de Valores Mobiliários,3,0,0.0021321961620469083,0.0,11
"CAPÍTULO X
DO FUNDO DE INVESTIMENTO",1,0,0.0007107320540156361,0.0,13
"Comissão
de Valores Mobiliários",1,0,0.0007107320540156361,0.0,13
"TÍTULO V
Das Servidões
CAPÍTULO I",1,0,0.0007107320540156361,0.0,11
Constituição das Servidões,1,0,0.0007107320540156361,0.0,11
"II
Do Exercício das Servidões",1,0,0.0007107320540156361,0.0,13
d4d7f5a6-bb3a-4058-8e2a-3814adfab510,1,0,0.0,0.0,
"TÍTULO VI
Do Usufruto
CAPÍTULO I
Disposições Gerais",1,0,0.0007107320540156361,0.0,
063616b5-cdb2-4258-bc28-10bea0b1e99d,1,0,0.0,0.0,
"CAPÍTULO II
Dos Direitos do Usufrutuário",1,0,0.0007107320540156361,0.0,
9330c317-9f65-48d5-9d0b-2b894a3f229c,1,0,0.0,0.0,
usufruto,3,0,0.0021321961620469083,0.0,
fa3eafb2-5e21-445f-8eab-a1597cc38e55,1,0,0.0,0.0,
5ad128e5-4d0a-4a33-8465-65e5955a98b2,3,0,0.0,0.0,
66d45617-e8d5-464f-b272-07228f3d1714,1,0,0.0,0.0,
"III
Dos Deveres do Usufrutuário",1,0,0.0007107320540156361,0.0,
aliena,1,0,0.0007107320540156361,0.0,10
ce0022bb-67ee-4379-a6ea-b3a87e0ce59d,1,0,0.0,0.0,
"TÍTULO VIII
Da Habitação",1,0,0.0007107320540156361,0.0,
d03aa790-a2d7-4570-a6eb-c79254e03bd3,1,0,0.0,0.0,
"TÍTULO IX
Do Direito do Promitente Comprador",1,0,0.0007107320540156361,0.0,
3bdd6c6f-f1aa-4874-95b8-3a325e50a4d1,3,0,0.0,0.0,
Hipoteca,1,0,0.0007107320540156361,0.0,
"TÍTULO X
Do Penhor",1,0,0.0007107320540156361,0.0,
"Anticrese
CAPÍTULO I
Disposições Gerais",1,0,0.0007107320540156361,0.0,
c43db16f-904f-4706-ab8b-09d9c5223e75,1,0,0.0,0.0,
IV e V,2,0,0.0014214641080312722,0.0,
9d370cec-ea17-4598-982c-914b96aa97e4,2,0,0.0,0.0,
1df92006-a521-48d0-8ab9-7bfbfe56e5c5,1,0,0.0,0.0,
"CAPÍTULO II
Do Penhor
Seção I",1,0,0.0007107320540156361,0.0,
7bad29f2-cc47-4b15-b465-b33c3401d81c,3,0,0.0,0.0,14
"Seção II
Dos Direitos do Credor Pignoratício",1,0,0.0007107320540156361,0.0,15
Documentos,2,0,0.0014214641080312722,0.0,15
Cartório de Títulos,2,0,0.0014214641080312722,0.0,13
860351cd-349f-4cae-86a1-5e1e78658b54,1,0,0.0,0.0,
"Seção III
Das Obrigações do Credor Pignoratício",1,0,0.0007107320540156361,0.0,
a57905a1-ed57-4ed2-a991-86d64e35b9b6,1,0,0.0,0.0,
"Seção V
Do Penhor Rural
Subseção I
Disposições Gerais",1,0,0.0007107320540156361,0.0,
Prometendo,3,0,0.0021321961620469083,0.0,11
Lei nº 12.873,1,0,0.0007107320540156361,0.0,13
e5dd2f50-a68c-4021-a04a-58dad1074c5e,1,0,0.0,0.0,
"Subseção II
Do Penhor Agrícola",1,0,0.0007107320540156361,0.0,
0e7d84c0-e4c7-4b03-8b22-79a741b2367e,1,0,0.0,0.0,
"Subseção III
Do Penhor Pecuário",1,0,0.0007107320540156361,0.0,
6996d2b4-9d23-4d12-85ed-1ab057e355a6,2,0,0.0,0.0,
"Seção VI
Do Penhor Industrial",1,0,0.0007107320540156361,0.0,
Mercantil,1,0,0.0007107320540156361,0.0,
41f814e7-063a-44d2-ba4b-69f18dd6e2e7,2,0,0.0,0.0,
Títulos de Crédito,1,0,0.0007107320540156361,0.0,
"Seção VII
Do Penhor de Direitos",1,0,0.0007107320540156361,0.0,
Disposições Gerais,1,0,0.0007107320540156361,0.0,15
dd4c4dfa-1b1d-48e5-905a-23a725995b00,1,0,0.0,0.0,
"Seção VIII
Do Penhor de Veículos",1,0,0.0007107320540156361,0.0,
Revogado pela Medida Provisória,1,0,0.0007107320540156361,0.0,13
0a864367-80c4-4ae4-b5a9-19d2de5934b9,1,0,0.0,0.0,
"Seção IX
Do Penhor Legal",1,0,0.0007107320540156361,0.0,
d1b8c8c9-065a-459d-9f76-ae49d621641e,1,0,0.0,0.0,
"Hipoteca
Seção I
Disposições Gerais",1,0,0.0007107320540156361,0.0,
Vigência encerrada,1,0,0.0007107320540156361,0.0,11
Renumerado do,1,0,0.0007107320540156361,0.0,11
Lei nº 11.481,1,0,0.0007107320540156361,0.0,11
66128b1d-31bc-4302-938f-06353d962680,1,0,0.0,0.0,
Disporá,1,0,0.0007107320540156361,0.0,
"Lei nº
14.711",1,0,0.0007107320540156361,0.0,15
77b7cfcb-3fc4-476c-83ce-ab9c39d430ea,1,0,0.0,0.0,
"Seção III
Do Registro da Hipoteca",1,0,0.0007107320540156361,0.0,
Vale,1,0,0.0007107320540156361,0.0,15
Férreas,1,0,0.0007107320540156361,0.0,13
Anticrese,1,0,0.0007107320540156361,0.0,13
321cf4ab-2ffc-48ab-bb1c-6ff825dfc5d9,1,0,0.0,0.0,
anticrese,1,0,0.0007107320540156361,0.0,
"TÍTULO XI
CAPÍTULO ÚNICO",1,0,0.0007107320540156361,0.0,15
Os Municípios,1,0,0.0007107320540156361,0.0,13
laje,3,0,0.0021321961620469083,0.0,13
lajes,2,0,0.0014214641080312722,0.0,13
Direito de Família,1,0,0.0007107320540156361,0.0,13
LIVRO IV,1,0,0.0007107320540156361,0.0,13
CASAMENTO,1,0,0.0007107320540156361,0.0,11
3º Será,1,0,0.0007107320540156361,0.0,11
"III
Dos Impedimentos",1,0,0.0007107320540156361,0.0,11
a1a46ead-edcc-457d-bb68-769d1a2a6f2a,2,0,0.0,0.0,
"V
Do Processo de Habilitação",1,0,0.0007107320540156361,0.0,
O CASAMENTO,1,0,0.0007107320540156361,0.0,
cd94ac85-862d-4d77-830f-6cbf3dfffcd7,1,0,0.0,0.0,
iniba,1,0,0.0007107320540156361,0.0,
Lei nº 12.133,1,0,0.0007107320540156361,0.0,13
Registro dos Casamentos,1,0,0.0007107320540156361,0.0,
Verificada,1,0,0.0007107320540156361,0.0,
Ofício da Capital do Estado,1,0,0.0007107320540156361,0.0,15
85179e37-761d-4e07-923e-0e9ff090e587,1,0,0.0,0.0,
"Registro
Civil",1,0,0.0007107320540156361,0.0,
88e4155c-bcdc-44e1-b36c-a372805bcb2b,1,0,0.0,0.0,
I a IV,1,0,0.0007107320540156361,0.0,
f3b9b019-7967-41cf-be9e-95cdfca8ab89,2,0,0.0,0.0,
Conjugal,1,0,0.0007107320540156361,0.0,
"CAPÍTULO X
Da Dissolução da Sociedade",1,0,0.0007107320540156361,0.0,
Dissolvido,1,0,0.0007107320540156361,0.0,11
83e0782e-268d-4a92-a86f-3bc7f593ca98,1,0,0.0,0.0,
"XI
Da Proteção da Pessoa dos Filhos",1,0,0.0007107320540156361,0.0,
"Lei nº
11.698",1,0,0.0007107320540156361,0.0,13
Lei nº 11.698,2,0,0.0014214641080312722,0.0,13
Incluído pela Lei nº 11.698,2,0,0.0014214641080312722,0.0,13
"Lei nº
13.058",3,0,0.0021321961620469083,0.0,11
Lei nº 13.058,4,0,0.0028429282160625444,0.0,11
Lei nº 14.713,1,0,0.0007107320540156361,0.0,13
e5ff51b7-fe63-4396-b8bc-1e27e64899dc,1,0,0.0,0.0,
"III
Do Reconhecimento dos Filhos",1,0,0.0007107320540156361,0.0,
dbac444d-9ba7-4f4f-92f6-a2151d2fd00f,1,0,0.0,0.0,
paterna,1,0,0.0007107320540156361,0.0,
Estatuto da Criança,3,0,0.0021321961620469083,0.0,13
Lei nº 12.010,3,0,0.0021321961620469083,0.0,13
Adolescente,3,0,0.0021321961620469083,0.0,13
"Poder
Público",1,0,0.0007107320540156361,0.0,11
"Revogado pela Lei nº
12.010",1,0,0.0007107320540156361,0.0,13
"Vigência
CAPÍTULO V
Do Poder FAMILIAR",1,0,0.0007107320540156361,0.0,13
836bbd07-1196-44ba-be9f-4c208b264d72,1,0,0.0,0.0,
"Seção II
Do Exercício do Poder Familiar",1,0,0.0007107320540156361,0.0,
Extinção do Poder Familiar,1,0,0.0007107320540156361,0.0,11
Incluído pela Lei nº 13.058,1,0,0.0007107320540156361,0.0,11
Suspensão,1,0,0.0007107320540156361,0.0,11
Cônjuges,1,0,0.0007107320540156361,0.0,13
Lei nº 13.715,1,0,0.0007107320540156361,0.0,13
Perderá,1,0,0.0007107320540156361,0.0,13
Incluído pela Lei nº 13.715,1,0,0.0007107320540156361,0.0,13
"TÍTULO II
Do Direito Patrimonial
SUBTÍTULO I
Do Regime de Bens",1,0,0.0007107320540156361,0.0,13
be2297c4-fcdd-4d35-9e2b-366f254d8bd0,1,0,0.0,0.0,
vigorará,1,0,0.0007107320540156361,0.0,
Lei nº 12.344,1,0,0.0007107320540156361,0.0,13
i ncisos III,1,0,0.0007107320540156361,0.0,
"CAPÍTULO II
Do Pacto Antenupcial",1,0,0.0007107320540156361,0.0,13
"III
Do Regime de Comunhão Parcial",1,0,0.0007107320540156361,0.0,13
a0a9d1d0-5c36-4a71-98c1-b5229c5b40a5,1,0,0.0,0.0,
"IV
Do Regime de Comunhão Universal",1,0,0.0007107320540156361,0.0,
72d6b278-3e2f-440d-b377-dcb3cf4a7456,1,0,0.0,0.0,
V a VII,1,0,0.0007107320540156361,0.0,
6ae2389e-be56-4834-8e6e-9cb046c490f2,1,0,0.0,0.0,
Capítulo antecedente,1,0,0.0007107320540156361,0.0,
a00285db-b2c9-4f99-b64f-0f1969237ba2,1,0,0.0,0.0,
"V
Do Regime de Participação Final nos Aqüestos",1,0,0.0007107320540156361,0.0,
257a4e99-3a37-499d-bd27-adf9a5470287,1,0,0.0,0.0,
Regime de Separação de Bens,1,0,0.0007107320540156361,0.0,
11438fe5-002d-46f2-aa53-e4e62a21f9ef,2,0,0.0,0.0,
"SUBTÍTULO II
Do Usufruto",1,0,0.0007107320540156361,0.0,
Administração dos Bens de Filhos Menores,1,0,0.0007107320540156361,0.0,
d48bbd50-bc02-4f29-a5b1-3ad1dcfe5194,1,0,0.0,0.0,
"SUBTÍTULO III
Dos Alimentos",1,0,0.0007107320540156361,0.0,
94a0e905-d9c2-4afd-903b-65d3c8af4aed,1,0,0.0,0.0,
"SUBTÍTULO IV
Do Bem de Família",1,0,0.0007107320540156361,0.0,
09547742-c67a-4251-872f-ca798dc70071,1,0,0.0,0.0,
Deverão,1,0,0.0007107320540156361,0.0,
7813d7dc-2246-4b23-9ca3-0ebcfbf6db57,1,0,0.0,0.0,
ESTÁVEL,1,0,0.0007107320540156361,0.0,
Tomada de Decisão Apoiada,1,0,0.0007107320540156361,0.0,13
Curatela,1,0,0.0007107320540156361,0.0,13
"I
Da Tutela
Seção I
Dos Tutores",1,0,0.0007107320540156361,0.0,13
Juiz,1,0,0.0007107320540156361,0.0,13
"Seção II
Dos Incapazes de Exercer",1,0,0.0007107320540156361,0.0,13
Tutela,1,0,0.0007107320540156361,0.0,13
de810ed4-7e85-49a5-9345-bfad98f7499e,1,0,0.0,0.0,
"Seção IV
Do Exercício da Tutela",1,0,0.0007107320540156361,0.0,
1ac470c5-2a3b-468a-b51b-e0a9da90f0e1,1,0,0.0,0.0,
"Seção V
Dos Bens do Tutelado",1,0,0.0007107320540156361,0.0,
7e55488d-2ed9-492f-8977-bae34fe98689,1,0,0.0,0.0,
Finda,1,0,0.0007107320540156361,0.0,
Cessam,1,0,0.0007107320540156361,0.0,13
"Lei
nº 13.146",1,0,0.0007107320540156361,0.0,13
Portador de Deficiência Física,1,0,0.0007107320540156361,0.0,13
Enfermo,1,0,0.0007107320540156361,0.0,13
"Seção III
Do Exercício da Curatela",1,0,0.0007107320540156361,0.0,13
pessoa,1,0,0.0007107320540156361,0.0,13
"LIVRO V
Do Direito das Sucessões
TÍTULO I
Da Sucessão em Geral
CAPÍTULO I
Disposições Gerais",1,0,0.0007107320540156361,0.0,13
Administração,1,0,0.0007107320540156361,0.0,13
Vide Recurso Extraordinário,2,0,0.0014214641080312722,0.0,13
5210f651-aa10-4058-9a65-019ab314d6e3,1,0,0.0,0.0,14
a8eb6ae7-9307-4ac2-a3e6-0c9ebdb3474f,1,0,0.0,0.0,
Ineficaz,1,0,0.0007107320540156361,0.0,
Vocação Hereditária,1,0,0.0007107320540156361,0.0,13
Nascendo,1,0,0.0007107320540156361,0.0,13
84f83a04-e218-48ab-a659-6d0cb4702a8e,2,0,0.0,0.0,
Renúncia da Herança,1,0,0.0007107320540156361,0.0,
concubino,1,0,0.0007107320540156361,0.0,
fe42ace2-7ae4-4869-8116-47898e8e0d39,1,0,0.0,0.0,
Aceita,1,0,0.0007107320540156361,0.0,
6a136567-bed8-4ca4-9e92-3c6b302fd617,2,0,0.0,0.0,
Pagas,1,0,0.0007107320540156361,0.0,
"V
Dos Excluídos da Sucessão",1,0,0.0007107320540156361,0.0,
Lei nº 13.532,1,0,0.0007107320540156361,0.0,13
Lei nº 14.661,1,0,0.0007107320540156361,0.0,11
b5f5555a-4d3d-43b4-8fb0-7ca7f5e50b75,1,0,0.0,0.0,
CAPÍTULO VI,1,0,0.0007107320540156361,0.0,
633911cf-7e8d-4aee-88dd-90b837151338,1,0,0.0,0.0,
"VII
Da petição",1,0,0.0007107320540156361,0.0,
"Sucessão Legítima
CAPÍTULO I
Da Ordem da Vocação Hereditária",1,0,0.0007107320540156361,0.0,15
"II
Dos Herdeiros",1,0,0.0007107320540156361,0.0,13
d293c139-693e-4b1d-9d1e-8911eb3ab026,1,0,0.0,0.0,
"III
Do Direito de Representação",1,0,0.0007107320540156361,0.0,
7013ead2-a073-4877-a498-cb19c3accfa6,2,0,0.0,0.0,
"TITULO III
DA SUCESSÃO",1,0,0.0007107320540156361,0.0,
"CAPITULO I
DO TESTAMENTO",1,0,0.0007107320540156361,0.0,
120f0200-9195-4822-9c22-3fa1dfbf3cef,1,0,0.0,0.0,
"Seção II
Do Testamento Público",1,0,0.0007107320540156361,0.0,
1f49f2a6-2ce6-4a8b-9d28-933f93a85b35,1,0,0.0,0.0,
"Seção III
Do Testamento Cerrado",1,0,0.0007107320540156361,0.0,
4a920439-fe79-4f54-80fc-33ea19f16136,1,0,0.0,0.0,
"Seção IV
Do Testamento Particular",1,0,0.0007107320540156361,0.0,
7a30436a-a24e-40a5-826b-694ce3701905,1,0,0.0,0.0,
Morto,1,0,0.0007107320540156361,0.0,
79505b83-a27e-40a5-a940-30c5f5f697e0,1,0,0.0,0.0,
houver,1,0,0.0007107320540156361,0.0,
a855f91b-400d-44bd-96db-f16fd9e11da3,1,0,0.0,0.0,
"IV
Dos Codicilos",1,0,0.0007107320540156361,0.0,
22fa30fe-2e80-4a35-baf8-17f859a69e90,1,0,0.0,0.0,
"V
Dos Testamentos Especiais
Seção I",1,0,0.0007107320540156361,0.0,
Testamento Aeronáutico,1,0,0.0007107320540156361,0.0,11
"Seção II
Do Testamento Marítimo",1,0,0.0007107320540156361,0.0,11
c546d9bc-0171-4c2f-b7a9-e2decffda071,1,0,0.0,0.0,
"Seção III
Do Testamento Militar",1,0,0.0007107320540156361,0.0,
0418c14e-b7c5-499a-9e42-cf6afceb1128,1,0,0.0,0.0,
assine,1,0,0.0007107320540156361,0.0,
ec9ecef8-9e3d-47cc-94fb-2139b1c99d08,1,0,0.0,0.0,
Caduca,1,0,0.0007107320540156361,0.0,
5228453f-1683-4fb9-9390-54941e819ac6,1,0,0.0,0.0,
"VII
Dos Legados
Seção I
Disposições Gerais",1,0,0.0007107320540156361,0.0,
ae632b47-417c-4432-bcd6-43357226bfca,2,0,0.0,0.0,
Pagamento,1,0,0.0007107320540156361,0.0,
"Seção II
Dos Efeitos do Legado",1,0,0.0007107320540156361,0.0,
d376b8b7-05df-4a0b-bf61-5a1daf44e4f5,3,0,0.0,0.0,
Legatários,1,0,0.0007107320540156361,0.0,
Direito de Acrescer,1,0,0.0007107320540156361,0.0,
Herdeiros,1,0,0.0007107320540156361,0.0,
Recíproca,1,0,0.0007107320540156361,0.0,
"IX
Das Substituições
Seção I",1,0,0.0007107320540156361,0.0,
05cc7fff-47c7-4d64-b3db-c856d5e1838a,1,0,0.0,0.0,
"CAPÍTULO X
Da Deserdação",1,0,0.0007107320540156361,0.0,
4c196894-3fd8-446e-9c8e-95850d249f45,1,0,0.0,0.0,
do testamento,2,0,0.0014214641080312722,0.0,
9e9885ed-f7c2-43fa-9278-e5f9422c8af7,1,0,0.0,0.0,
48c2e8ac-2e6d-43ad-aac5-6da46d195f8b,1,0,0.0,0.0,
"XII
Da Revogação do Testamento",1,0,0.0007107320540156361,0.0,
3827d5a1-aaca-4af2-8155-cdd43010bb48,1,0,0.0,0.0,
Rompimento do Testamento,1,0,0.0007107320540156361,0.0,
52a51518-8d0a-43a3-86b5-f4d247c19d6f,1,0,0.0,0.0,
"XIV
Do Testamenteiro",1,0,0.0007107320540156361,0.0,
4a213007-02e4-42c0-b807-9b7ef9442742,2,0,0.0,0.0,
"TÍTULO IV
Do Inventário",1,0,0.0007107320540156361,0.0,
"Partilha
CAPÍTULO I
Do Inventário",1,0,0.0007107320540156361,0.0,
6b331cf4-69b5-4453-9f71-29c95246990b,1,0,0.0,0.0,
"II
Dos Sonegados",1,0,0.0007107320540156361,0.0,
c7b1cf6f-d479-40ad-948c-a69825498aca,1,0,0.0,0.0,
Art.1.992,1,0,0.0007107320540156361,0.0,
6e918a1f-b5c3-4357-9303-57c03e577d35,1,0,0.0,0.0,
"III
Do Pagamento das Dívidas",1,0,0.0007107320540156361,0.0,
0f61f7ee-ee0b-47c1-9e6c-fe2bc19d4882,1,0,0.0,0.0,
"V
Da Partilha",1,0,0.0007107320540156361,0.0,
a716ba2b-59cd-40f3-a30f-162ad0a46ab0,1,0,0.0,0.0,
proíba,1,0,0.0007107320540156361,0.0,
381facc0-1dc2-4233-a179-696d79a59398,1,0,0.0,0.0,
"VII
Da Anulação da Partilha",1,0,0.0007107320540156361,0.0,
"LIVRO COMPLEMENTAR
DAS Disposições Finais",1,0,0.0007107320540156361,0.0,13
Transitórias,1,0,0.0007107320540156361,0.0,13
Lei n o 3.071,3,0,0.0021321961620469083,0.0,11
Lei nº 10.838,1,0,0.0007107320540156361,0.0,11
"Lei n
o 3.071",1,0,0.0007107320540156361,0.0,13
"Lei n o
3.071",2,0,0.0014214641080312722,0.0,11
"Código Civil e a Parte Primeira
do Código Comercial",1,0,0.0007107320540156361,0.0,13
Códigos,1,0,0.0007107320540156361,0.0,11

Métricas globais
Diâmetro,16
Raio,9
Centro,"Código, 22523940-ce2d-4c1e-bf0e-91ae1832e8d1, VII, 2eed590f-7fff-4022-893c-5119520197e1, Parágrafo, arts, Cartório de Registro de Imóveis"
Periferia,"009d6ef0-ac7b-40a1-a6e2-364b0a7083dc, 70753bf4-bc70-432e-821f-a6d2b0b62b4d"
